"id","skill_name","level","question_type","prompt","options","correct_answer","explanation"
"a0158f01-61d8-4d98-af33-755c20c43519","JavaScript","beginner","mcq","Which keyword declares a block-scoped variable that can be reassigned?","[""var"", ""let"", ""const"", ""static""]","let","let creates a block-scoped, reassignable binding, unlike const (not reassignable) or var (function-scoped)."
"3d1b1212-5ad1-415d-bc7c-96927d478b47","JavaScript","beginner","mcq","What does the '===' operator check that '==' does not?","[""Value only"", ""Type and value"", ""Reference only"", ""Nothing different""]","Type and value","The strict equality operator '===' compares both type and value without type coercion."
"3330f1d8-87dc-4cb0-aee8-24b0a245ea97","JavaScript","beginner","mcq","Which method adds an element to the end of an array?","[""push()"", ""pop()"", ""shift()"", ""unshift()""]","push()","push() appends one or more elements to the end of an array and returns the new length."
"cfad3212-32d1-4443-bfcb-df09fff41585","JavaScript","beginner","text","What is the difference between null and undefined in JavaScript?","","undefined means a variable has been declared but not assigned a value; null is an explicit assignment representing 'no value'.","undefined is the default state of uninitialized variables, while null is intentionally set by a developer."
"860c9dc8-88dd-46f3-9a8e-f260031a743b","JavaScript","beginner","mcq","What data type is returned by the 'typeof' operator when applied to an array?","[""'array'"", ""'object'"", ""'list'"", ""'undefined'""]","'object'","Arrays are a specialized object type in JavaScript, so typeof returns 'object'."
"bad4498f-d7c7-4759-9773-7b2e3f958ad3","JavaScript","beginner","code","What is logged?
let x = 5;
function show() {
  console.log(x);
  let x = 10;
}
show();","","ReferenceError due to temporal dead zone","The local 'let x' creates a temporal dead zone from the start of the function, so accessing x before its declaration throws a ReferenceError."
"209cb86a-22e8-4ebc-add3-8dd0c1d0ef7b","JavaScript","beginner","mcq","Which function converts a JSON string into a JavaScript object?","[""JSON.parse()"", ""JSON.stringify()"", ""Object.assign()"", ""JSON.toObject()""]","JSON.parse()","JSON.parse() deserializes a JSON string into a corresponding JavaScript value/object."
"47856e62-f1dc-48c8-ba46-9ad4331002b8","JavaScript","intermediate","code","What is logged?
for (var i = 0; i < 3; i++) {
  setTimeout(() => console.log(i), 0);
}","","3
3
3","var is function-scoped, so all callbacks share the same i, which is 3 after the loop finishes by the time the timeouts run."
"082ae5a6-9ad2-48a3-ae59-43c8783eb0b8","JavaScript","intermediate","mcq","What does Array.prototype.map() return?","[""The original array mutated"", ""A new array with transformed elements"", ""A single accumulated value"", ""undefined""]","A new array with transformed elements","map() creates a new array populated with the results of calling the provided function on every element."
"c9e88896-b84c-40f6-abcc-d427852fc531","JavaScript","intermediate","mcq","What is a closure in JavaScript?","[""A function bundled with references to its surrounding lexical scope"", ""A way to close a file handle"", ""A loop construct"", ""A type of array method""]","A function bundled with references to its surrounding lexical scope","Closures allow an inner function to access variables from its enclosing scope even after that scope has exited."
"9c2045b8-58d0-4698-a450-74bd00d6c87d","JavaScript","intermediate","code","What is the output?
console.log([1, 2, 3] + [4, 5]);","","'1,2,34,5'","The '+' operator coerces both arrays to strings ('1,2,3' and '4,5') and concatenates them."
"0e93f0f7-c280-4772-8f99-276bdf772a58","JavaScript","intermediate","text","Explain the difference between 'call', 'apply', and 'bind'.","","call and apply invoke a function immediately with a given 'this' (call takes args individually, apply takes an array); bind returns a new function with 'this' permanently set, without invoking it.","All three control the 'this' context, but bind is deferred execution while call/apply execute immediately."
"be8a6294-f87f-41ce-97c4-fb2f25719daa","JavaScript","intermediate","mcq","Which statement about Promises is true?","[""A Promise can be resolved multiple times"", ""A Promise is always resolved synchronously"", ""A Promise represents an eventual completion or failure of an async operation"", ""Promises cannot be chained""]","A Promise represents an eventual completion or failure of an async operation","A Promise is an object representing the eventual result of an asynchronous operation, settled exactly once."
"f86cb618-9d9d-453d-bca8-62d74eb29314","JavaScript","intermediate","code","Fix the bug so the function returns the doubled array instead of undefined:
function double(arr) {
  arr.map(function(x) {
    return x * 2;
  });
}","","Add 'return' before arr.map(...) so the function returns the mapped array.","map() returns a new array, but the outer function never returned it, so the result was discarded."
"1b1f3068-133c-422d-8771-d29b4628853f","JavaScript","advanced","text","What is the event loop and how do microtasks differ from macrotasks?","","The event loop processes the call stack and task queues; microtasks (Promises, queueMicrotask) run fully before the next macrotask (setTimeout, I/O) is processed.","After each macrotask, the JS engine drains the entire microtask queue before rendering or picking the next macrotask."
"6130126d-11af-4efe-8035-f90044246c1a","JavaScript","advanced","code","What is logged, and why?
console.log('start');
setTimeout(() => console.log('timeout'), 0);
Promise.resolve().then(() => console.log('promise'));
console.log('end');","","start, end, promise, timeout","Synchronous code runs first, then the microtask queue (Promise) drains before the macrotask queue (setTimeout)."
"f9c82380-6c94-4ebd-bf40-0fff3a7d8738","JavaScript","advanced","mcq","What is the primary difference between WeakMap and Map?","[""WeakMap keys must be objects and are weakly referenced, allowing garbage collection"", ""WeakMap is faster for all operations"", ""WeakMap allows iteration while Map does not"", ""WeakMap keys can be primitives""]","WeakMap keys must be objects and are weakly referenced, allowing garbage collection","WeakMap holds weak references to object keys so they can be garbage collected when no other references exist, and it is not iterable."
"2e7bdd55-1633-41d8-9688-cbc025e569a0","JavaScript","advanced","mcq","In terms of the prototype chain, what does Object.create(proto) do?","[""Creates a new object with proto as its prototype"", ""Clones proto deeply"", ""Freezes proto"", ""Adds proto as an own property""]","Creates a new object with proto as its prototype","Object.create(proto) creates a new object whose internal [[Prototype]] is set to the given proto object."
"7b2c058f-0d9e-482c-845a-978ed9147bff","JavaScript","advanced","code","Why does this throw, and how to fix it?
class Base {
  constructor() { this.greet(); }
}
class Child extends Base {
  greet() { console.log(this.name); }
  constructor(name) { super(); this.name = name; }
}
new Child('Amy');","","It logs undefined, not a throw: greet() runs during super() before this.name is set. Fix by setting fields before calling methods that depend on them, e.g. set defaults or reorder logic.","super() invokes the base constructor which calls the overridden greet() before Child's own constructor body assigns this.name."
"81eeacb6-c42b-4050-be65-3e82f0995417","JavaScript","advanced","text","Explain prototypal inheritance and how it differs from classical (class-based) inheritance.","","Objects inherit directly from other objects via a prototype chain rather than from classes; JS 'class' syntax is sugar over this prototype-based mechanism.","JavaScript objects delegate property lookups to their prototype object at runtime instead of copying behavior from a class blueprint."
"72672313-5812-4e7f-bd62-f64495406136","Python Programming","beginner","mcq","Which of these is a mutable data type in Python?","[""tuple"", ""str"", ""list"", ""int""]","list","Lists can be modified in place (append, remove, etc.), unlike tuples, strings, and ints which are immutable."
"11d0ca8a-b9a5-4598-9a0e-97df92484d0a","Python Programming","beginner","mcq","What does the 'len()' function return for a string?","[""The number of words"", ""The number of characters"", ""The memory size"", ""The ASCII sum""]","The number of characters","len() returns the count of characters (code points) contained in the string."
"cf09edeb-af17-4c05-a821-946d3e31cce8","Python Programming","beginner","mcq","Which keyword is used to define a function in Python?","[""func"", ""def"", ""function"", ""lambda""]","def","'def' introduces a function definition in Python."
"99b7fd18-b021-4bea-9427-dbcd9d9f2768","Python Programming","beginner","text","What is the difference between a list and a tuple in Python?","","Lists are mutable and defined with [], tuples are immutable and defined with ().","Once created, a tuple's contents cannot change, while a list supports in-place modification."
"f3c74fb0-29ff-4f3e-91c5-8399bd44fb28","Python Programming","beginner","mcq","What is the output of 3 // 2 in Python?","[""1.5"", ""1"", ""2"", ""1.0""]","1","The '//' operator performs floor (integer) division, so 3 // 2 truncates to 1."
"f918f41b-0ce3-441d-ab86-3ca27d54d390","Python Programming","beginner","code","What does this print?
x = [1, 2, 3]
y = x
y.append(4)
print(x)","","[1, 2, 3, 4]","y = x makes y reference the same list object as x, so mutating y also affects x."
"23d17735-9b8b-4342-9cdb-9d16eb0e0927","Python Programming","beginner","mcq","Which method converts all characters in a string to lowercase?","["".lower()"", "".casefold()"", "".strip()"", "".lowercase()""]",".lower()","str.lower() returns a copy of the string with all characters converted to lowercase."
"da580a6b-c18e-4797-b09c-f696ab122653","Python Programming","intermediate","code","What is printed?
def add_item(item, items=[]):
    items.append(item)
    return items
print(add_item(1))
print(add_item(2))","","[1]
[1, 2]","Default mutable arguments are created once at function definition time and persist across calls, a classic Python gotcha."
"78e39e82-9e9f-4dc0-bd4f-910fb0ccd24e","Python Programming","intermediate","mcq","What does a Python list comprehension like [x**2 for x in range(5) if x % 2 == 0] produce?","[""[0, 4, 16]"", ""[0, 1, 4, 9, 16]"", ""[1, 9]"", ""[0, 2, 4]""]","[0, 4, 16]","It squares only even x values from 0-4: 0, 2, 4 squared give 0, 4, 16."
"0110677c-f87c-4d54-b41b-fd7fa48498ff","Python Programming","intermediate","text","What is the difference between '*args' and '**kwargs' in a function signature?","","*args collects extra positional arguments into a tuple; **kwargs collects extra keyword arguments into a dict.","They allow functions to accept a variable number of positional or named arguments respectively."
"6e99f135-8c1a-4619-a951-51e0e887eb68","Python Programming","intermediate","mcq","What does the 'with' statement do when opening a file?","[""Opens the file in binary mode always"", ""Automatically closes the file when the block exits, even on exceptions"", ""Prevents the file from being read"", ""Opens multiple files simultaneously only""]","Automatically closes the file when the block exits, even on exceptions","'with' uses a context manager that guarantees cleanup (closing the file) via __exit__, even if an exception occurs."
"a9db6321-ab8a-4999-a049-29a2b8390207","Python Programming","intermediate","code","What does this output?
try:
    print(1 / 0)
except ZeroDivisionError:
    print('caught')
finally:
    print('done')","","caught
done","The ZeroDivisionError is caught by the except block, and 'finally' always runs afterward regardless of exceptions."
"d2044b1f-e9e3-47e4-9644-e94627584145","Python Programming","intermediate","mcq","Which of these correctly creates a generator?","[""def f(): return (x for x in range(10))"", ""def f(): yield from range(10)"", ""Both A and B create generators"", ""def f(): return [x for x in range(10)]""]","Both A and B create generators","A generator expression itself is a generator (returning it just passes it along), and any function containing 'yield' becomes a generator function."
"44cf0981-e992-4175-90e4-e67a1db926fc","Python Programming","intermediate","text","Explain what a Python decorator is and give a use case.","","A decorator is a function that wraps another function to extend its behavior without modifying its source, e.g. logging, timing, or access control via @wraps.","Decorators use higher-order functions to inject behavior before/after the wrapped function call."
"316949a2-8b19-46ca-b518-a11465753f9c","Python Programming","advanced","text","What is the Global Interpreter Lock (GIL) and how does it affect multithreaded CPU-bound Python code?","","The GIL is a mutex that allows only one thread to execute Python bytecode at a time, so CPU-bound multithreading doesn't achieve true parallelism; multiprocessing or C extensions releasing the GIL are used instead.","The GIL serializes bytecode execution in CPython, limiting threads to concurrency benefits for I/O-bound tasks rather than CPU-bound parallel speedup."
"e922103d-b2e7-409d-942e-aef01e7f6f11","Python Programming","advanced","code","What is printed and why?
class A:
    x = []
    def add(self, v):
        self.x.append(v)
a, b = A(), A()
a.add(1)
b.add(2)
print(a.x)","","[1, 2]","x is a class attribute shared by all instances since it's never reassigned to an instance attribute, so both a and b mutate the same list."
"b4a15b73-f282-4707-8af9-0ca8b403c950","Python Programming","advanced","mcq","What does Python's MRO (Method Resolution Order) use to resolve multiple inheritance?","[""Depth-first only"", ""C3 linearization algorithm"", ""Alphabetical order of class names"", ""Random selection""]","C3 linearization algorithm","CPython uses C3 linearization to produce a consistent, monotonic method resolution order across the inheritance graph."
"94a1e45a-3984-4218-bee5-fd5344da4e32","Python Programming","advanced","mcq","What is the main benefit of using '__slots__' in a class?","[""Faster method calls"", ""Reduces memory usage by preventing per-instance __dict__ creation"", ""Enables multiple inheritance"", ""Automatically makes the class immutable""]","Reduces memory usage by preventing per-instance __dict__ creation","__slots__ tells Python to allocate fixed space for a defined set of attributes instead of a per-instance dict, saving memory."
"65083e75-93e9-4034-82db-6257ee5ad91d","Python Programming","advanced","code","What does this print?
async def foo():
    return 1
import asyncio
result = foo()
print(type(result))","","<class 'coroutine'>","Calling an async function does not execute it immediately; it returns a coroutine object that must be awaited or scheduled."
"f4b93b75-708b-4cf9-add0-3b402adae824","Python Programming","advanced","text","Explain the difference between shallow copy and deep copy in Python.","","A shallow copy (copy.copy) duplicates the outer object but nested objects remain shared references; a deep copy (copy.deepcopy) recursively duplicates all nested objects too.","Shallow copies share references to mutable nested structures, so mutating them affects both copies, unlike deep copies."
"a3221ef6-ba36-4398-8211-82ae4d0b26fd","React","beginner","mcq","What is JSX?","[""A CSS preprocessor"", ""A syntax extension that lets you write HTML-like code in JavaScript"", ""A JSON schema validator"", ""A React testing library""]","A syntax extension that lets you write HTML-like code in JavaScript","JSX compiles to React.createElement calls, allowing HTML-like markup directly inside JavaScript."
"e0538c9c-c3c2-4923-81e1-f734b79ab768","React","beginner","mcq","Which hook is used to add state to a functional component?","[""useEffect"", ""useState"", ""useRef"", ""useContext""]","useState","useState returns a state variable and a setter function, enabling state in function components."
"eb3baf51-f8c6-4be0-a255-96259e32f338","React","beginner","mcq","How do you pass data from a parent component to a child component?","[""Using state"", ""Using props"", ""Using refs"", ""Using context only""]","Using props","Props are read-only attributes passed from parent to child components in React's unidirectional data flow."
"903ff419-b909-47e5-8809-18c62b59dfe9","React","beginner","text","What is the virtual DOM and why does React use it?","","It's an in-memory representation of the real DOM; React diffs it against previous versions to compute minimal updates, improving rendering performance.","Reconciliation against the virtual DOM avoids costly direct DOM manipulation for every state change."
"c3a49d24-9583-4cf0-ab5f-caaccd7af444","React","beginner","mcq","What must every list item rendered with .map() in React have?","[""A unique 'key' prop"", ""An inline style"", ""A ref"", ""A className""]","A unique 'key' prop","Keys help React identify which items changed, were added, or removed for efficient reconciliation."
"b8fc90ff-82db-440b-80c5-b0ce0ccf5053","React","beginner","code","What happens when this button is clicked?
function Counter() {
  const [count, setCount] = useState(0);
  return <button onClick={() => setCount(count + 1)}>{count}</button>;
}","","The displayed count increments by 1 each click, since setCount triggers a re-render with the new state.","Calling the state setter schedules a re-render with the updated count value."
"5f2446e3-d9e2-47b8-ad54-19399607c995","React","beginner","mcq","What is the correct way to conditionally render a component in JSX?","[""Using if-statements directly inside JSX tags"", ""Using the ternary operator or && inside curly braces"", ""Using a for loop inside JSX"", ""React does not support conditional rendering""]","Using the ternary operator or && inside curly braces","JSX expressions support ternaries and logical && inside {} since JSX itself can't contain raw if-statements."
"812c81c2-3f81-4904-8e4f-a613126766a4","React","intermediate","code","What bug exists here?
useEffect(() => {
  fetchData(id).then(setData);
}, []);","","The effect only runs once on mount; if 'id' changes later, fetchData won't re-run. 'id' should be added to the dependency array.","An empty dependency array means the effect never re-runs even though it references the external variable 'id'."
"df9e600e-13f9-4d07-b62c-c82cf502bdfb","React","intermediate","mcq","What is the purpose of useCallback?","[""To memoize a function reference between renders"", ""To memoize a computed value"", ""To manage side effects"", ""To force a re-render""]","To memoize a function reference between renders","useCallback returns the same function instance across renders unless dependencies change, useful to prevent unnecessary child re-renders."
"ea7af28c-4a24-45f6-812b-3394a6cdac06","React","intermediate","mcq","What triggers a React functional component to re-render?","[""Only prop changes"", ""State changes, prop changes, or parent re-renders"", ""Only when forceUpdate is called"", ""Only context changes""]","State changes, prop changes, or parent re-renders","React re-renders a component when its own state/props change, or when its parent re-renders (absent memoization)."
"350fba57-d5a4-4d0e-a912-06e0633ad523","React","intermediate","text","What problem does the Context API solve?","","It avoids prop drilling by allowing data to be shared across the component tree without passing props manually at every level.","Context provides a way to pass values deeply into the component tree without threading props through intermediate components."
"27657501-b7b2-4e5f-ae2f-412efd2ed46e","React","intermediate","code","Why might this cause an infinite loop?
function Comp() {
  const [data, setData] = useState({});
  useEffect(() => {
    setData({ ...data, updated: true });
  });
  return <div />;
}","","The effect has no dependency array, so it runs after every render, and setData triggers a new render each time, creating an infinite loop.","Without a dependency array, useEffect runs on every render; since it always sets new state, it keeps re-triggering renders."
"8564e6a9-7c0a-41f8-a123-fb969f763ace","React","intermediate","mcq","What is the correct use of useRef?","[""To store a mutable value that doesn't trigger re-render when changed"", ""To trigger a re-render on every state update"", ""To replace useState entirely"", ""To manage global state across components""]","To store a mutable value that doesn't trigger re-render when changed","useRef returns a mutable ref object whose .current property persists across renders without causing re-renders."
"43adbc37-449c-42aa-85e7-c06b4025e703","React","intermediate","mcq","What does React.memo do?","[""Memoizes a component to skip re-rendering when props are unchanged"", ""Caches API responses"", ""Prevents state updates"", ""Converts class components to functions""]","Memoizes a component to skip re-rendering when props are unchanged","React.memo performs a shallow prop comparison and skips re-rendering the wrapped component if props are equal."
"def3ca43-d814-42b3-b510-64bdb507efbf","React","advanced","text","Explain React's reconciliation algorithm and the role of keys in list diffing.","","React diffs the new virtual DOM tree against the old one using heuristics (same type = update, different type = replace); keys let React match list items across renders even if order changes, avoiding unnecessary unmounts/remounts.","Keys give stable identity to list elements, allowing React's diffing algorithm to reorder/reuse DOM nodes instead of destroying and recreating them."
"1def1b9f-17d3-4a1f-ba52-d8f3163f7677","React","advanced","code","What issue does this custom hook have?
function useFetch(url) {
  const [data, setData] = useState(null);
  useEffect(() => {
    fetch(url).then(r => r.json()).then(setData);
  }, [url]);
  return data;
}","","No cleanup/cancellation: if the component unmounts or url changes before the fetch resolves, it can call setData on an unmounted component or set stale data (race condition). Fix with an AbortController or an 'ignore' flag.","Without cancellation logic, a slower earlier request can resolve after a newer one, overwriting fresher data with stale data."
"a7bcb278-9526-40dd-893c-d1e8a1f3968a","React","advanced","mcq","What is the main purpose of React's Fiber architecture?","[""To enable incremental, interruptible rendering with prioritization"", ""To replace JSX with plain JS"", ""To manage CSS-in-JS"", ""To handle routing""]","To enable incremental, interruptible rendering with prioritization","Fiber reimplemented the reconciler to allow React to pause, abort, or prioritize rendering work, enabling features like concurrent mode."
"e4ee030b-2028-4f60-9350-1d81ed9e1120","React","advanced","mcq","In React 18, what is the purpose of automatic batching?","[""Batching multiple state updates into a single re-render even in promises/timeouts/native handlers"", ""Batching network requests"", ""Combining CSS files"", ""Preventing all re-renders""]","Batching multiple state updates into a single re-render even in promises/timeouts/native handlers","React 18 extends batching beyond React event handlers to async callbacks, reducing redundant renders."
"188525cb-5b28-46ee-b81b-9dcab26f7ffd","React","advanced","text","What are the rules of hooks and why must hooks not be called conditionally?","","Hooks must be called at the top level, in the same order every render, because React tracks hook state by call order internally; conditional calls would misalign state between hooks.","React relies on consistent call order to associate each useState/useEffect call with its internal fiber-linked state slot."
"65daceb1-efc6-4b59-b2d3-16b4a402d928","React","advanced","code","What does this output and why is it a common mistake?
function Comp({items}) {
  const filtered = items.filter(i => i.active);
  return <List data={filtered} />;
}","","filtered is a new array reference on every render, so if List is memoized (React.memo), it will still re-render every time since the prop reference always changes; fix with useMemo.","Deriving a new array/object inline defeats reference-equality checks used by memoization, causing unnecessary re-renders of memoized children."
"915b0508-69f9-4473-8b25-d7729cfee6b6","SQL / Databases","beginner","mcq","Which SQL clause is used to filter rows before grouping?","[""HAVING"", ""WHERE"", ""GROUP BY"", ""ORDER BY""]","WHERE","WHERE filters individual rows before any GROUP BY aggregation occurs; HAVING filters after grouping."
"f11e327f-b4f8-4001-bd45-5a1846be5b86","SQL / Databases","beginner","mcq","What does the PRIMARY KEY constraint enforce?","[""Uniqueness and non-null values for a column"", ""Only uniqueness"", ""Only non-null"", ""Foreign key relationships""]","Uniqueness and non-null values for a column","A primary key uniquely identifies each row and implicitly disallows NULL values."
"ce49bd96-f76e-4e42-b1f7-37748bc99d60","SQL / Databases","beginner","mcq","Which JOIN returns all rows from the left table and matched rows from the right table?","[""INNER JOIN"", ""RIGHT JOIN"", ""LEFT JOIN"", ""CROSS JOIN""]","LEFT JOIN","LEFT JOIN keeps every row from the left table, filling unmatched right-table columns with NULL."
"11464c21-29ac-4162-848b-d291df634e3e","SQL / Databases","beginner","text","What is the difference between DELETE and TRUNCATE?","","DELETE removes rows one at a time, can use a WHERE clause, and is logged/rollback-able; TRUNCATE removes all rows at once, resets identity, and is typically faster but not conditionally filterable.","TRUNCATE is a DDL operation that deallocates data pages, while DELETE is a DML operation logged row-by-row."
"494856ca-0bdb-4536-87b1-bfbc6b438502","SQL / Databases","beginner","mcq","Which SQL keyword removes duplicate rows from a result set?","[""UNIQUE"", ""DISTINCT"", ""FILTER"", ""GROUP""]","DISTINCT","SELECT DISTINCT eliminates duplicate rows from the query result."
"ad53212f-5a38-40ab-9673-cf99d872f6ca","SQL / Databases","beginner","code","What does this query return?
SELECT department, COUNT(*) FROM employees GROUP BY department HAVING COUNT(*) > 5;","","Departments that have more than 5 employees, along with their employee counts.","GROUP BY aggregates rows per department, and HAVING filters those aggregated groups to only ones with a count greater than 5."
"16eca6a7-b479-4ed5-8a17-2c3a95b57f3d","SQL / Databases","beginner","mcq","What does a FOREIGN KEY constraint enforce?","[""That a column's values match a primary/unique key in another table"", ""That a column is always unique"", ""That a column cannot be null"", ""That a column is auto-incremented""]","That a column's values match a primary/unique key in another table","Foreign keys maintain referential integrity by requiring values to correspond to existing keys in a referenced table."
"d4365926-5fae-4acc-9979-0ede33ebc41b","SQL / Databases","intermediate","code","What's wrong with this query if you want each customer's total order amount, even for customers with zero orders?
SELECT c.name, SUM(o.amount)
FROM customers c
INNER JOIN orders o ON c.id = o.customer_id
GROUP BY c.name;","","INNER JOIN excludes customers with no matching orders; should use LEFT JOIN and COALESCE(SUM(o.amount), 0) to include them.","INNER JOIN only returns rows with matches in both tables, so customers without any orders are dropped entirely."
"d344d3dd-1030-4429-a0ba-1fd959d2b477","SQL / Databases","intermediate","mcq","What is a database index primarily used for?","[""Speeding up data retrieval at the cost of extra storage and slower writes"", ""Enforcing uniqueness only"", ""Reducing storage size"", ""Encrypting data""]","Speeding up data retrieval at the cost of extra storage and slower writes","Indexes create auxiliary structures (often B-trees) to speed up lookups, but they add overhead on inserts/updates/deletes."
"116aa0f2-2d1a-4e5f-ade4-9ef383f221d8","SQL / Databases","intermediate","text","What is database normalization and why is it used?","","Normalization organizes data to reduce redundancy and improve integrity by decomposing tables according to normal forms (1NF, 2NF, 3NF, etc.).","It minimizes data duplication and update anomalies by structuring relations around functional dependencies."
"f970fb5e-f45d-4313-9137-84ed8210684b","SQL / Databases","intermediate","mcq","What isolation level prevents dirty reads but allows non-repeatable reads?","[""READ UNCOMMITTED"", ""READ COMMITTED"", ""SERIALIZABLE"", ""REPEATABLE READ""]","READ COMMITTED","READ COMMITTED ensures a transaction only sees committed data, but rows read can still change if re-queried within the same transaction."
"737bcbf2-97a1-45a4-b7c9-e4d3eea1a389","SQL / Databases","intermediate","code","What does this window function query compute?
SELECT name, salary,
  RANK() OVER (PARTITION BY department ORDER BY salary DESC) AS rnk
FROM employees;","","It ranks employees by salary in descending order within each department, assigning tied ranks the same number and skipping subsequent ranks.","PARTITION BY resets ranking per department, and RANK() gives equal values the same rank with gaps for ties."
"c9e271a2-b408-4d34-bf76-826f138a8892","SQL / Databases","intermediate","mcq","What does ACID stand for in database transactions?","[""Atomicity, Consistency, Isolation, Durability"", ""Aggregation, Concurrency, Integrity, Distribution"", ""Atomicity, Concurrency, Indexing, Durability"", ""Availability, Consistency, Isolation, Distribution""]","Atomicity, Consistency, Isolation, Durability","These four properties guarantee reliable processing of database transactions."
"f3e4f4fc-4204-4457-a25e-34a357515804","SQL / Databases","advanced","text","Explain the difference between a clustered and a non-clustered index.","","A clustered index determines the physical storage order of table rows (only one per table); a non-clustered index is a separate structure with pointers back to the row data (multiple allowed per table).","Clustered indexes reorder actual data pages, while non-clustered indexes maintain a separate lookup structure referencing row locations."
"a10282f4-7f9c-4f5d-8ec0-2e9df199d6a3","SQL / Databases","advanced","code","This query is slow on a large table despite an index on 'created_at'. Why?
SELECT * FROM logs WHERE YEAR(created_at) = 2024;","","Wrapping the indexed column in a function (YEAR()) prevents the optimizer from using the index (non-sargable); rewrite as created_at >= '2024-01-01' AND created_at < '2025-01-01'.","Applying a function to an indexed column forces a full scan since the index is built on raw column values, not the function's output."
"69035a97-db50-4a63-9f57-a382411eda07","SQL / Databases","advanced","mcq","What is a deadlock in database systems?","[""Two or more transactions waiting on locks held by each other, none able to proceed"", ""A crashed database server"", ""A query that never terminates due to a syntax error"", ""A transaction that reads uncommitted data""]","Two or more transactions waiting on locks held by each other, none able to proceed","A deadlock is a circular lock-wait condition; the DBMS typically detects it and aborts one transaction to break the cycle."
"c73e6392-c95a-473d-aee2-5cf83b24ae86","SQL / Databases","advanced","mcq","In query execution plans, what does a 'full table scan' generally indicate?","[""The optimizer is reading every row because no suitable index exists or is used"", ""The query used the primary key efficiently"", ""The table is empty"", ""An index was used optimally""]","The optimizer is reading every row because no suitable index exists or is used","A full scan reads the entire table sequentially, often signaling missing indexes or non-sargable predicates."
"202a76c0-4bd2-47c8-974f-8546653ed6fa","SQL / Databases","advanced","text","What is the difference between horizontal and vertical database sharding/partitioning?","","Horizontal sharding splits rows across multiple databases/servers by key ranges or hashes; vertical partitioning splits columns of a table across different stores.","Horizontal partitioning scales by distributing records, while vertical partitioning separates columns, often by access pattern or size."
"979d28d5-84a4-4027-9b2d-565f783b8207","SQL / Databases","advanced","code","What does this CTE query do?
WITH RECURSIVE subs AS (
  SELECT id, manager_id FROM employees WHERE id = 1
  UNION ALL
  SELECT e.id, e.manager_id FROM employees e JOIN subs s ON e.manager_id = s.id
)
SELECT * FROM subs;","","It recursively finds all employees reporting (directly or indirectly) to employee id 1, traversing the management hierarchy downward.","The recursive CTE repeatedly joins new rows whose manager_id matches previously found ids, building the full subordinate tree."
"1cfa65a0-217c-4bff-aa34-69fe5c7f5dfd","SQL / Databases","advanced","mcq","What is the main trade-off of denormalizing a database schema?","[""Improved read performance at the cost of data redundancy and update complexity"", ""Reduced storage with no downsides"", ""Always slower reads"", ""Guarantees strong consistency""]","Improved read performance at the cost of data redundancy and update complexity","Denormalization duplicates data to avoid joins, speeding reads but increasing risk of anomalies and more complex writes."
"1d48481e-41c3-4c92-b5b6-748648a91e3a","Data Structures & Algorithms","beginner","mcq","What is the time complexity of accessing an element by index in an array?","[""O(1)"", ""O(n)"", ""O(log n)"", ""O(n^2)""]","O(1)","Arrays support direct indexed memory access, making element retrieval constant time."
"0eb47548-dec4-4cbd-b048-618fd758e6d6","Data Structures & Algorithms","beginner","mcq","Which data structure uses LIFO (Last In, First Out) ordering?","[""Queue"", ""Stack"", ""Linked List"", ""Heap""]","Stack","A stack pushes and pops from the same end, so the last inserted element is the first removed."
"52d6d118-9374-44e9-a291-a79b2b2ed600","Data Structures & Algorithms","beginner","mcq","What is the time complexity of binary search on a sorted array of size n?","[""O(n)"", ""O(log n)"", ""O(n log n)"", ""O(1)""]","O(log n)","Binary search halves the search space each iteration, giving logarithmic time complexity."
"eab2c6de-b67b-4c92-8822-0cc0ca54f444","Data Structures & Algorithms","beginner","text","What is the difference between a stack and a queue?","","A stack is LIFO (last-in, first-out), while a queue is FIFO (first-in, first-out).","Stacks remove the most recently added item first; queues remove the oldest added item first."
"d0658eae-afae-4bbb-866f-166f5718a97b","Data Structures & Algorithms","beginner","mcq","What is the worst-case time complexity of Bubble Sort?","[""O(n)"", ""O(n log n)"", ""O(n^2)"", ""O(log n)""]","O(n^2)","Bubble sort compares and swaps adjacent elements repeatedly, resulting in quadratic time in the worst case."
"498bd33a-5412-42bc-9562-6ab7d7cf8e72","Data Structures & Algorithms","beginner","code","What does this function return for arr = [3, 1, 4, 1, 5]?
def find_max(arr):
    m = arr[0]
    for x in arr:
        if x > m:
            m = x
    return m","","5","The function iterates through the array tracking the largest value seen, which is 5 in this list."
"a8ec1e41-c7d5-41a5-84e1-c6abfcb8bceb","Data Structures & Algorithms","beginner","mcq","In a singly linked list, what does each node typically store?","[""Data and a pointer to the next node"", ""Only data"", ""Data and pointers to both next and previous nodes"", ""An index into an array""]","Data and a pointer to the next node","A singly linked list node holds its value plus a single reference to the next node in sequence."
"1f038709-cc56-4f36-80c8-9be1e27b23db","Data Structures & Algorithms","intermediate","code","What is the time complexity of this function, and what does it do?
def mystery(arr):
    seen = set()
    for x in arr:
        if x in seen:
            return True
        seen.add(x)
    return False","","O(n) time; it checks whether the array contains any duplicate elements using a hash set.","Set lookups and insertions are O(1) average, so a single pass over n elements gives overall O(n) time."
"94e2f635-4467-43d0-88d3-967599ac8dc7","Data Structures & Algorithms","intermediate","mcq","Which sorting algorithm has the best average-case time complexity of O(n log n) and is commonly used in practice (e.g., Timsort/quicksort hybrids)?","[""Bubble Sort"", ""Insertion Sort"", ""Quicksort"", ""Selection Sort""]","Quicksort","Quicksort's average-case partitioning gives O(n log n), making it a practical choice widely used in real-world sorting implementations."
"b8bdb4e7-72b9-42dd-8dc3-e1d35916d4e7","Data Structures & Algorithms","intermediate","text","Explain the difference between BFS and DFS graph traversal.","","BFS explores neighbors level by level using a queue (finds shortest path in unweighted graphs); DFS explores as deep as possible along a branch before backtracking, using a stack or recursion.","BFS guarantees shortest path in unweighted graphs due to level-order exploration, while DFS is often used for connectivity, cycle detection, and topological sort."
"2c76390f-9471-4377-8847-4773b2539379","Data Structures & Algorithms","intermediate","mcq","What is the average time complexity of insertion, deletion, and lookup in a hash table?","[""O(1)"", ""O(n)"", ""O(log n)"", ""O(n log n)""]","O(1)","With a good hash function and load factor, hash table operations average constant time, though worst case is O(n) with many collisions."
"5e0bf095-66b4-421e-b1ea-b52a9233a1f4","Data Structures & Algorithms","intermediate","code","What does this recursive function compute for n=5?
def f(n):
    if n <= 1:
        return n
    return f(n-1) + f(n-2)","","5 (the 5th Fibonacci number)","This is the classic naive recursive Fibonacci implementation; f(5) = f(4)+f(3) = ... = 5."
"9daa22a3-d8f6-4d8f-bb87-734511ffdbed","Data Structures & Algorithms","intermediate","mcq","What property must a Binary Search Tree (BST) maintain?","[""Left subtree values < node < right subtree values, recursively"", ""All nodes have exactly 2 children"", ""It must be perfectly balanced"", ""Nodes are stored in an array""]","Left subtree values < node < right subtree values, recursively","This ordering invariant enables O(log n) average search, insert, and delete operations in a balanced BST."
"e03c9f2f-1d18-44ed-8ba0-6e3984b86393","Data Structures & Algorithms","intermediate","text","What is dynamic programming and when is it applicable?","","DP solves problems by breaking them into overlapping subproblems and storing (memoizing) results to avoid recomputation; applicable when a problem has optimal substructure and overlapping subproblems.","DP trades memory for time by caching subproblem solutions, turning exponential naive recursion into polynomial time."
"6aa1dd0f-3557-46ac-94d1-54df2aba1b81","Data Structures & Algorithms","advanced","text","Explain how a min-heap supports an efficient priority queue and give its time complexities for insert and extract-min.","","A min-heap is a complete binary tree where each parent is <= its children; insert and extract-min are both O(log n) due to sift-up/sift-down operations, while peek-min is O(1).","The heap property combined with the tree's complete structure (array-backed) bounds the height at log n, bounding update cost."
"e37c46d2-b6f2-4d7b-93b7-d99c2e3a403f","Data Structures & Algorithms","advanced","code","What is the time and space complexity of this algorithm, and what does it do?
def longest_common_subsequence(a, b):
    dp = [[0]*(len(b)+1) for _ in range(len(a)+1)]
    for i in range(1, len(a)+1):
        for j in range(1, len(b)+1):
            if a[i-1] == b[j-1]:
                dp[i][j] = dp[i-1][j-1] + 1
            else:
                dp[i][j] = max(dp[i-1][j], dp[i][j-1])
    return dp[-1][-1]","","O(len(a) * len(b)) time and space; it computes the length of the longest common subsequence between strings a and b using bottom-up DP.","The nested loops fill an (len(a)+1) x (len(b)+1) table once, each cell computed in O(1), giving quadratic time and space."
"139bf44c-be8a-4961-a4ee-dc123aa381bb","Data Structures & Algorithms","advanced","mcq","What is the time complexity of Dijkstra's algorithm using a binary heap priority queue?","[""O(V + E)"", ""O((V + E) log V)"", ""O(V^2)"", ""O(E log E) only""]","O((V + E) log V)","Each edge relaxation may cause a heap operation costing O(log V), applied across E edges plus V heap extractions."
"940c182f-2d4e-4cb0-8be3-f624be1b53b5","Data Structures & Algorithms","advanced","mcq","What is the primary advantage of a self-balancing tree (e.g., AVL or Red-Black tree) over a plain BST?","[""It guarantees O(log n) height regardless of insertion order, avoiding worst-case O(n) degeneration"", ""It uses less memory per node"", ""It allows duplicate keys efficiently"", ""It removes the need for comparisons""]","It guarantees O(log n) height regardless of insertion order, avoiding worst-case O(n) degeneration","Without rebalancing, a BST can degrade into a linked list (O(n) operations) under sorted insertion order; self-balancing trees prevent this via rotations."
"fd5544df-d51c-4d3b-87ae-115934354b5f","Data Structures & Algorithms","advanced","code","Identify the bug: this quicksort partition can cause O(n^2) worst case on already-sorted input. Why, and how to mitigate?
def partition(arr, lo, hi):
    pivot = arr[hi]
    ...","","Always choosing the last element as pivot on sorted/reverse-sorted input causes maximally unbalanced partitions each time, giving O(n^2). Mitigate with random pivot selection or median-of-three.","A poor deterministic pivot choice degrades quicksort to quadratic time on adversarial or already-sorted inputs; randomization defends against this."
"65da46dd-813f-47c6-a72c-bf2992a9402d","Data Structures & Algorithms","advanced","text","What is the difference between a greedy algorithm and dynamic programming, and when does greedy fail?","","Greedy makes the locally optimal choice at each step without reconsidering, working only when the problem has the greedy-choice property; DP considers all subproblem combinations, correctly handling cases where local optimality doesn't guarantee global optimality (e.g., 0/1 knapsack).","Greedy algorithms are faster but only correct for problems exhibiting matroid-like/greedy-choice structure; otherwise DP is needed to guarantee optimality."
"88e56022-f5a1-4365-8c48-092c6c602235","Cloud Computing (AWS)","beginner","mcq","What does S3 stand for and what is it primarily used for?","[""Simple Storage Service, object storage"", ""Server Side Scripting Service"", ""Secure Socket Service, networking"", ""Scalable Streaming Service, video""]","Simple Storage Service, object storage","S3 is AWS's object storage service used for storing and retrieving files (objects) of any size."
"dd6f1e6d-c13d-470f-b546-7ee23ad3825a","Cloud Computing (AWS)","beginner","mcq","What is EC2 used for?","[""Running virtual servers (compute instances) in the cloud"", ""Storing static files"", ""Managing DNS records"", ""Sending emails""]","Running virtual servers (compute instances) in the cloud","EC2 (Elastic Compute Cloud) provides resizable virtual machine instances for compute workloads."
"9af72d38-10df-4917-8167-3ea7f3966dfe","Cloud Computing (AWS)","beginner","mcq","What is the purpose of an AWS IAM role?","[""To grant temporary permissions to AWS resources or users without long-term credentials"", ""To store files"", ""To route network traffic"", ""To scale EC2 instances automatically""]","To grant temporary permissions to AWS resources or users without long-term credentials","IAM roles provide temporary, assumable permissions, avoiding the need to embed long-lived access keys."
"c90eb39d-46fb-4934-8240-e963e5f03c80","Cloud Computing (AWS)","beginner","text","What is the difference between IaaS, PaaS, and SaaS?","","IaaS provides raw infrastructure (VMs, storage, networking) you manage yourself; PaaS provides a managed platform to deploy apps without managing servers; SaaS delivers fully managed software applications to end users.","Each layer abstracts away more operational responsibility, moving from infrastructure control (IaaS) to full application delivery (SaaS)."
"238a05e8-5ffa-4e01-bfd6-aaf0e8f40e9d","Cloud Computing (AWS)","beginner","mcq","Which AWS service is a fully managed relational database service?","[""RDS"", ""S3"", ""Lambda"", ""CloudFront""]","RDS","Amazon RDS (Relational Database Service) manages provisioning, patching, and backups for relational databases like MySQL and PostgreSQL."
"a8705900-ecc5-409f-ba67-7e2664d31535","Cloud Computing (AWS)","beginner","mcq","What does 'region' mean in AWS infrastructure?","[""A geographic area containing multiple isolated data centers (availability zones)"", ""A single physical server"", ""A billing category"", ""A type of storage class""]","A geographic area containing multiple isolated data centers (availability zones)","AWS regions are separate geographic locations, each composed of multiple isolated availability zones for redundancy."
"5928c7aa-f962-4a49-894b-2c0033afa466","Cloud Computing (AWS)","beginner","mcq","What is AWS Lambda?","[""A serverless compute service that runs code in response to events"", ""A load balancer"", ""A DNS service"", ""A content delivery network""]","A serverless compute service that runs code in response to events","Lambda executes code without provisioning servers, automatically scaling and billing per invocation/duration."
"4025ec91-9927-49d4-bffa-5efffab170cc","Cloud Computing (AWS)","intermediate","mcq","What is the purpose of an Auto Scaling Group in AWS?","[""Automatically adjust the number of EC2 instances based on demand or health"", ""Automatically encrypt S3 buckets"", ""Automatically back up RDS databases"", ""Automatically rotate IAM keys""]","Automatically adjust the number of EC2 instances based on demand or health","Auto Scaling groups add or remove instances based on defined policies (CPU load, schedules) and replace unhealthy instances."
"59589b34-2e2e-4db8-8398-6505c02c1182","Cloud Computing (AWS)","intermediate","text","What is the difference between a Security Group and a Network ACL in AWS?","","Security Groups are stateful, instance-level firewalls (return traffic automatically allowed); Network ACLs are stateless, subnet-level firewalls where inbound and outbound rules must both be explicitly defined.","Security groups track connection state per instance while NACLs apply broader, stateless rules at the subnet boundary."
"86ffbceb-e014-4028-b0c8-d0dd3590ddf3","Cloud Computing (AWS)","intermediate","mcq","What AWS service would you use to decouple microservices using asynchronous messaging?","[""SQS (Simple Queue Service)"", ""S3"", ""CloudFront"", ""Route 53""]","SQS (Simple Queue Service)","SQS provides managed message queues to decouple producers and consumers in distributed systems."
"f4bb305c-4fef-4a30-ba74-1e6cbfe47958","Cloud Computing (AWS)","intermediate","mcq","What is the benefit of using a VPC (Virtual Private Cloud)?","[""Logically isolated network environment with control over IP ranges, subnets, and routing"", ""Automatic code deployment"", ""Faster S3 uploads"", ""Free data transfer between regions""]","Logically isolated network environment with control over IP ranges, subnets, and routing","A VPC lets you define your own private network topology within AWS, isolated from other customers."
"19be0882-6c88-442e-9e7f-9e9ae5338551","Cloud Computing (AWS)","intermediate","text","What is the shared responsibility model in cloud security?","","AWS is responsible for security 'of' the cloud (physical infrastructure, hardware, global network), while the customer is responsible for security 'in' the cloud (data, IAM configuration, OS patching on EC2, network config).","This model clarifies which security duties belong to the cloud provider versus the customer, varying by service type (IaaS vs PaaS vs SaaS)."
"365fd816-2809-41ef-9e25-3e13eb0bf0b1","Cloud Computing (AWS)","intermediate","mcq","What does an Elastic Load Balancer (ELB) do?","[""Distributes incoming traffic across multiple targets like EC2 instances"", ""Stores static assets"", ""Manages DNS resolution"", ""Encrypts data at rest""]","Distributes incoming traffic across multiple targets like EC2 instances","ELB automatically distributes traffic to healthy targets across one or more availability zones for high availability."
"a9eb13a5-80f8-4d50-bf9a-e068a0350b65","Cloud Computing (AWS)","advanced","text","Explain the difference between horizontal and vertical scaling in cloud architecture, and which AWS services support each.","","Vertical scaling increases the resources (CPU/RAM) of a single instance (e.g., resizing an EC2 instance type); horizontal scaling adds more instances (e.g., Auto Scaling Groups, load-balanced fleets) to share load.","Horizontal scaling improves fault tolerance and has practically no upper bound, while vertical scaling is simpler but limited by max instance size."
"c6585b73-c0eb-48dd-a937-372ccf66c1cd","Cloud Computing (AWS)","advanced","mcq","What is the primary purpose of AWS CloudFormation or Terraform in cloud architecture?","[""Infrastructure as Code: declaratively provisioning and managing cloud resources"", ""Monitoring application logs"", ""Load balancing traffic"", ""Managing user authentication""]","Infrastructure as Code: declaratively provisioning and managing cloud resources","IaC tools define infrastructure in version-controlled templates, enabling repeatable, auditable deployments."
"7623f132-1bab-4f72-b25b-c12423f758ca","Cloud Computing (AWS)","advanced","mcq","What consistency model does S3 provide for object operations today?","[""Strong read-after-write consistency for all operations"", ""Eventual consistency only"", ""No consistency guarantees"", ""Strong consistency only for deletes""]","Strong read-after-write consistency for all operations","AWS updated S3 in 2020 to provide strong read-after-write consistency for all PUT/DELETE operations, unlike its earlier eventual consistency model."
"8d3e5629-cad9-41c0-8820-a1c3cecbec83","Cloud Computing (AWS)","advanced","text","What are the trade-offs between using Lambda (serverless) versus EC2/containers for a workload?","","Lambda offers no server management, automatic scaling, and pay-per-invocation, but has execution time limits, cold starts, and less control; EC2/containers offer full control and can run longer/steadier workloads but require managing scaling and patching.","Serverless reduces operational overhead for spiky/short-lived workloads, while VM/container-based compute suits long-running or highly customized workloads."
"63b3f2b2-cc70-4f5b-8c9b-420a6ce172dc","Cloud Computing (AWS)","advanced","mcq","What does a multi-AZ RDS deployment provide?","[""Synchronous replication to a standby in another availability zone for automatic failover"", ""Read replicas for scaling reads"", ""Cross-region backups only"", ""Automatic schema migration""]","Synchronous replication to a standby in another availability zone for automatic failover","Multi-AZ RDS maintains a synchronously replicated standby that RDS automatically fails over to during an outage, improving availability, not read scalability."
"1296680b-4677-4b0a-9722-87dabe432372","Cloud Computing (AWS)","advanced","code","This IAM policy is meant to allow read-only S3 access but is overly permissive. What's wrong?
{
  ""Effect"": ""Allow"",
  ""Action"": ""s3:*"",
  ""Resource"": ""*""
}","","It grants all S3 actions (including write/delete) on all resources instead of only read actions (e.g., s3:GetObject, s3:ListBucket) scoped to specific bucket ARNs, violating least privilege.","Using wildcard actions and resources grants far more access than intended, a common security misconfiguration violating the principle of least privilege."
"3bdfffe3-1734-4548-8af6-0f0d95b35c36","Cloud Computing (AWS)","advanced","text","What is the difference between eventual consistency and strong consistency, and why do distributed cloud databases (e.g., DynamoDB) often default to eventual consistency?","","Eventual consistency allows temporarily stale reads across replicas for better availability/latency/throughput; strong consistency guarantees the latest write is always read but at higher latency/lower availability during partitions. Distributed systems favor eventual consistency by default per the CAP theorem trade-offs.","Per the CAP theorem, distributed databases trade off consistency for availability and partition tolerance, defaulting to eventual consistency for performance unless strong consistency is explicitly requested."
"40e10952-804f-49fd-b6f5-9fa64bc812b5","Machine Learning","beginner","mcq","What is supervised learning?","[""Learning from labeled input-output pairs"", ""Learning without any labels"", ""Learning through trial and error with rewards"", ""Learning by clustering unlabeled data""]","Learning from labeled input-output pairs","Supervised learning trains a model on data where the correct output (label) is known for each input."
"21a1ba96-6f08-4121-941d-6c81a65ef009","Machine Learning","beginner","mcq","Which of these is an example of a classification problem?","[""Predicting house prices"", ""Predicting whether an email is spam or not"", ""Predicting stock prices"", ""Predicting temperature""]","Predicting whether an email is spam or not","Classification predicts a discrete category label (spam/not spam), unlike regression which predicts continuous values."
"e907002e-a9f8-4396-be13-df1ecf7bc718","Machine Learning","beginner","mcq","What does 'overfitting' mean in machine learning?","[""The model performs well on training data but poorly on unseen data"", ""The model performs poorly on both training and test data"", ""The model is too simple to capture patterns"", ""The model trains too quickly""]","The model performs well on training data but poorly on unseen data","Overfitting occurs when a model memorizes noise/details in training data rather than learning generalizable patterns."
"fc2a815b-33dc-41d3-aa75-12bc9a047246","Machine Learning","beginner","text","What is the difference between classification and regression?","","Classification predicts discrete categorical labels, while regression predicts continuous numeric values.","The nature of the target variable (categorical vs continuous) determines whether a problem is classification or regression."
"34146a2b-bf3b-4c59-904c-7e3c4eaf9e75","Machine Learning","beginner","mcq","What is a training/test split used for?","[""To evaluate model performance on data it hasn't seen during training"", ""To speed up model training"", ""To reduce the size of the dataset permanently"", ""To remove outliers""]","To evaluate model performance on data it hasn't seen during training","Splitting data allows measuring generalization performance rather than just memorization of training examples."
"da4f3640-955e-482c-860f-a277231bc510","Machine Learning","beginner","mcq","Which algorithm is commonly used for simple linear regression tasks?","[""Ordinary Least Squares"", ""K-Means Clustering"", ""Apriori Algorithm"", ""Depth-First Search""]","Ordinary Least Squares","OLS finds the line minimizing the sum of squared residuals between predictions and actual values."
"cf091bea-f520-43cb-97b9-9d43a072f909","Machine Learning","beginner","mcq","What is a 'feature' in a machine learning dataset?","[""An input variable used to make predictions"", ""The output label being predicted"", ""The algorithm used for training"", ""The evaluation metric""]","An input variable used to make predictions","Features are the measurable input properties (columns) fed into a model to predict the target."
"133aff2b-6c8b-4037-87fc-5bd999a71600","Machine Learning","intermediate","mcq","What does k-fold cross-validation help estimate?","[""The model's generalization performance more robustly than a single train/test split"", ""The number of features to use"", ""The optimal learning rate directly"", ""The size of the neural network""]","The model's generalization performance more robustly than a single train/test split","K-fold CV trains and validates across multiple folds, averaging results to reduce variance in the performance estimate."
"eeb457e3-a6bd-439c-a3cf-d51d53bb7cd8","Machine Learning","intermediate","text","Explain the bias-variance tradeoff.","","Bias is error from overly simplistic assumptions (underfitting); variance is error from sensitivity to training data fluctuations (overfitting). Reducing one often increases the other, so models must balance both for optimal generalization.","Total error decomposes into bias^2 + variance + irreducible noise, and model complexity trades off between the two."
"3a434a8b-86ae-44ff-931f-4e966c88da5b","Machine Learning","intermediate","mcq","What is regularization (e.g., L1/L2) used for?","[""Penalizing large model weights to reduce overfitting"", ""Increasing model complexity"", ""Speeding up data loading"", ""Normalizing input features only""]","Penalizing large model weights to reduce overfitting","Regularization adds a penalty term to the loss function that discourages overly complex models, improving generalization."
"dfa6c149-5e11-46c7-b891-0bfc2dfc8de1","Machine Learning","intermediate","mcq","What metric is most appropriate for evaluating a classifier on a highly imbalanced dataset?","[""Accuracy"", ""Precision, Recall, and F1-score"", ""Mean Squared Error"", ""R-squared""]","Precision, Recall, and F1-score","Accuracy can be misleading on imbalanced data (a model predicting the majority class always can still score high accuracy), so precision/recall/F1 better capture minority-class performance."
"46c04310-925b-42fc-9f71-318369492a73","Machine Learning","intermediate","text","What is the purpose of feature scaling (e.g., standardization/normalization) and which algorithms need it most?","","Feature scaling puts features on comparable ranges so that distance-based or gradient-based algorithms (KNN, SVM, gradient descent, neural networks) aren't dominated by features with larger scales.","Unscaled features can disproportionately influence distance calculations or slow gradient descent convergence."
"b5cb4e73-f24c-482b-8432-3ca4f4bcc303","Machine Learning","intermediate","code","What issue does this code have?
from sklearn.model_selection import train_test_split
X_train, X_test, y_train, y_test = train_test_split(X, y, test_size=0.2)
scaler = StandardScaler().fit(X)
X_train = scaler.transform(X_train)
X_test = scaler.transform(X_test)","","Data leakage: the scaler is fit on the full dataset X (including test data) before the split's statistics should be isolated; it should be fit only on X_train, then used to transform X_test.","Fitting the scaler on the entire dataset leaks test-set statistics into preprocessing, giving an overly optimistic evaluation of the model."
"a16c9b18-7fea-4750-a7fb-11405db94dcd","Machine Learning","intermediate","mcq","What does the ROC-AUC metric measure?","[""The model's ability to distinguish between classes across all classification thresholds"", ""The average training loss"", ""The number of features used"", ""The model's training speed""]","The model's ability to distinguish between classes across all classification thresholds","ROC-AUC summarizes the trade-off between true positive rate and false positive rate across thresholds; higher AUC means better class separation."
"f7a213fa-2b7f-4372-ad51-6252827e6053","Machine Learning","advanced","text","Explain how gradient boosting (e.g., XGBoost) differs from random forests.","","Random forests build many independent trees in parallel (bagging) and average predictions to reduce variance; gradient boosting builds trees sequentially, each correcting the residual errors of the previous ensemble, reducing bias but requiring careful tuning to avoid overfitting.","Bagging (random forest) reduces variance via independent parallel models, while boosting reduces bias via sequential error-correcting models."
"e5d6a497-4031-4322-ae87-862e04fa2cec","Machine Learning","advanced","mcq","What problem does the vanishing gradient issue cause in deep neural networks?","[""Gradients become extremely small in early layers, slowing or halting learning"", ""The model trains too fast"", ""The loss becomes negative"", ""Memory usage explodes""]","Gradients become extremely small in early layers, slowing or halting learning","As gradients backpropagate through many layers with certain activations, repeated multiplication of small derivatives shrinks gradients toward zero, hampering weight updates in earlier layers."
"469ee530-5cea-4e39-ba4a-a7cf5940efdb","Machine Learning","advanced","mcq","In the context of the bias-variance tradeoff, what does increasing model regularization strength typically do?","[""Increases bias, decreases variance"", ""Decreases bias, increases variance"", ""Decreases both bias and variance"", ""Has no effect on either""]","Increases bias, decreases variance","Stronger regularization constrains the model more, simplifying it (raising bias) but making it less sensitive to training data noise (lowering variance)."
"eb377b91-4352-470e-afe7-274924f8d2e5","Machine Learning","advanced","text","What is the curse of dimensionality and how does it affect distance-based algorithms like KNN?","","As dimensionality increases, data becomes sparse and distances between points become less meaningful (all points appear roughly equidistant), degrading the effectiveness of distance-based methods like KNN.","In high-dimensional spaces, the volume grows exponentially, making nearest-neighbor distances converge and lose discriminative power."
"a67cb73d-91bc-4197-afce-c81a602a29b4","Machine Learning","advanced","code","What is wrong with this cross-validation setup for time-series data?
from sklearn.model_selection import KFold
kf = KFold(n_splits=5, shuffle=True)
for train_idx, test_idx in kf.split(X):
    ...","","Shuffling randomly mixes future and past data into training and test sets, leaking future information; should use TimeSeriesSplit which respects temporal order.","Random shuffling breaks the temporal dependency structure, allowing the model to 'see the future' during training, which inflates validation performance unrealistically."
"bd478fb2-cb03-4dc3-b5ee-7496814cd5d5","Machine Learning","advanced","mcq","What is the primary purpose of dropout in neural networks?","[""Randomly disabling neurons during training to prevent overfitting/co-adaptation"", ""Speeding up inference"", ""Reducing the number of layers"", ""Normalizing input data""]","Randomly disabling neurons during training to prevent overfitting/co-adaptation","Dropout forces the network to not rely on any single neuron, acting as a regularizer that improves generalization."
"511dfb7c-f99c-4d8f-a006-18acf2191cfa","Git & Version Control","beginner","mcq","Which command creates a new local repository?","[""git init"", ""git start"", ""git create"", ""git new""]","git init","git init initializes a new, empty Git repository in the current directory."
"e371a4d6-e3ec-4135-878e-7e108f055735","Git & Version Control","beginner","mcq","What does 'git clone' do?","[""Creates a copy of a remote repository on your local machine"", ""Merges two branches"", ""Deletes a repository"", ""Creates a new branch only""]","Creates a copy of a remote repository on your local machine","git clone downloads a full copy of a repository, including its history, from a remote source."
"ab7cf218-a790-4b50-856d-f05be2b56914","Git & Version Control","beginner","mcq","Which command stages changes for commit?","[""git add"", ""git commit"", ""git push"", ""git stage-only""]","git add","git add moves changes from the working directory into the staging area (index) in preparation for a commit."
"74ea6554-dd42-455f-89b9-8f2881feb454","Git & Version Control","beginner","text","What is the difference between 'git pull' and 'git fetch'?","","git fetch downloads remote changes without merging them into the local branch; git pull fetches and then automatically merges (or rebases) them into the current branch.","fetch updates remote-tracking branches only, while pull additionally integrates those changes into your working branch."
"58b610e4-a2a2-48fe-9dfc-91e390c408c0","Git & Version Control","beginner","mcq","What does 'git status' show?","[""The state of the working directory and staging area"", ""The commit history"", ""The list of remote branches only"", ""The contents of the last commit""]","The state of the working directory and staging area","git status reports which files are modified, staged, or untracked relative to the last commit."
"87a4fb98-cc02-43d3-b5d0-826e1c37d421","Git & Version Control","beginner","mcq","Which file is used to specify files/folders that Git should ignore?","["".gitignore"", "".gitconfig"", ""ignore.txt"", "".gitattributes""]",".gitignore",".gitignore lists patterns for files and directories Git should not track."
"14ad09e4-bbb2-4587-8918-216b7c1d8a82","Git & Version Control","beginner","mcq","What command shows the commit history?","[""git log"", ""git history"", ""git show-all"", ""git commits""]","git log","git log displays the commit history for the current branch, including author, date, and message."
"44fa9d34-37bb-4768-90c8-9908a6670253","Git & Version Control","intermediate","text","What is the difference between merging and rebasing a branch?","","Merging creates a new merge commit combining histories of both branches, preserving the original commit history; rebasing replays commits from one branch onto another, producing a linear history but rewriting commit hashes.","Rebase results in a cleaner, linear history at the cost of rewriting commits, which is risky on shared/public branches."
"73e08f76-1a38-44bc-845d-1037f49d2462","Git & Version Control","intermediate","mcq","What does 'git stash' do?","[""Temporarily saves uncommitted changes so you can switch branches cleanly"", ""Permanently deletes uncommitted changes"", ""Commits changes with a temporary message"", ""Pushes changes to a temporary remote""]","Temporarily saves uncommitted changes so you can switch branches cleanly","git stash shelves modified tracked files, restoring a clean working directory, which can later be reapplied with git stash pop."
"216be055-e0aa-4eed-b7a3-42231d178c62","Git & Version Control","intermediate","mcq","What is a merge conflict?","[""When Git cannot automatically reconcile differing changes to the same lines/files"", ""When two branches have the same name"", ""When a commit message is missing"", ""When a remote repository is unreachable""]","When Git cannot automatically reconcile differing changes to the same lines/files","Conflicts occur when overlapping changes can't be auto-merged, requiring manual resolution before completing the merge."
"5ba43940-039b-4c3e-a6b7-8a541c5eb1c8","Git & Version Control","intermediate","code","What does this command sequence do?
git checkout -b feature
git commit -am 'wip'
git checkout main
git merge feature","","It creates and switches to a new 'feature' branch, commits changes there, switches back to 'main', then merges 'feature' into 'main'.","checkout -b creates and switches branches, commit -am stages+commits tracked changes, and merge integrates the feature branch's history into main."
"ec67cf10-b986-498b-8644-5f5531fb67e4","Git & Version Control","intermediate","mcq","What is the purpose of 'git cherry-pick'?","[""Apply a specific commit from one branch onto another"", ""Delete a specific commit permanently"", ""Merge all branches at once"", ""Rename a branch""]","Apply a specific commit from one branch onto another","cherry-pick takes the changes introduced by a specific commit and applies them as a new commit on the current branch."
"d9cb4ed9-dc52-4a94-9aff-18ed96d49d5c","Git & Version Control","intermediate","text","What is the difference between 'git reset' and 'git revert'?","","git reset moves the branch pointer (optionally altering staged/working files) and rewrites history, useful for local cleanup; git revert creates a new commit that undoes a previous commit's changes, safe for shared history.","revert is non-destructive and safe on shared branches since it adds a new commit, whereas reset alters existing history."
"e48a9ea3-3e1e-48ea-ac45-c1848233b346","Git & Version Control","advanced","text","Explain what 'git rebase -i' (interactive rebase) allows you to do and a risk associated with it.","","Interactive rebase lets you edit, squash, reorder, or drop commits before replaying them; the risk is rewriting history that others have already pulled, causing divergent histories and conflicts for collaborators.","Since interactive rebase rewrites commit SHAs, force-pushing rebased shared branches can break other contributors' local histories."
"d36b4bda-fcf8-44fa-b83f-093cb9efdaa7","Git & Version Control","advanced","code","What does this command do and when would you use it?
git reflog
git reset --hard HEAD@{2}","","git reflog shows a log of where HEAD has pointed over time; the reset restores the repository to a prior state referenced in the reflog, useful for recovering from a bad reset, rebase, or accidental commit loss.","reflog tracks local ref history even after operations that seem destructive, giving a recovery path unavailable through git log alone."
"74c0f478-dbd2-4fbc-9a87-0868c7abf7e0","Git & Version Control","advanced","mcq","What is the purpose of 'git bisect'?","[""Binary search through commit history to find which commit introduced a bug"", ""Split a branch into two"", ""Merge two unrelated repositories"", ""Compress the .git directory""]","Binary search through commit history to find which commit introduced a bug","git bisect automates bisection by checking out midpoint commits and marking them good/bad until the offending commit is isolated."
"cf024481-84a6-47b7-ad0a-b50637be3d53","Git & Version Control","advanced","mcq","What does a 'detached HEAD' state mean in Git?","[""HEAD points directly to a commit rather than a branch, so new commits aren't tracked by any branch"", ""The repository has no commits"", ""The remote repository is disconnected"", ""A branch has been deleted""]","HEAD points directly to a commit rather than a branch, so new commits aren't tracked by any branch","In detached HEAD, commits made are not part of any branch reference and can be lost after checking out elsewhere unless a branch is created to preserve them."
"642e4857-37c9-4d09-826f-ec08691019c5","Git & Version Control","advanced","text","What is a Git submodule, and what is a common pitfall when using them?","","A submodule embeds another Git repository at a specific commit inside a parent repository; a common pitfall is submodules not auto-updating on clone/pull, leading to stale references unless explicitly initialized and updated (git submodule update --init --recursive).","Submodule pointers must be explicitly synced; forgetting this leaves collaborators with outdated or empty submodule directories."
"f52e8ee5-e82c-4f24-a551-8eeda24e945b","Git & Version Control","beginner","mcq","Which command shows the differences between the working directory and the last commit?","[""git diff"", ""git log"", ""git status --diff"", ""git compare""]","git diff","git diff shows line-by-line changes between the working directory (or staging area) and the last commit."
"cf8ecbc6-2a5e-46ce-b9fa-6b1f54194cb7","Git & Version Control","advanced","code","Why does 'git push' get rejected here, and what's the safe fix?
git commit -m 'fix'
git push origin main
# error: failed to push some refs, tip of your branch is behind","","The remote has commits you don't have locally; run 'git pull --rebase origin main' (or fetch+merge) to integrate remote changes, then push again, rather than force-pushing over others' work.","Git rejects non-fast-forward pushes to protect against overwriting commits already on the remote; pulling first (rebase or merge) resolves the divergence safely."
"959d2303-0c5f-4308-bdaf-1cbb0b2eab47","Power BI","beginner","mcq","What is the primary purpose of Power BI?","[""Business intelligence and interactive data visualization"", ""Writing backend server code"", ""Managing databases only"", ""Video editing""]","Business intelligence and interactive data visualization","Power BI is a Microsoft BI tool for connecting to data sources, transforming data, and building interactive reports and dashboards."
"c1d93e89-7623-4f4c-ba11-f48c709d03d3","Power BI","beginner","mcq","Which Power BI component is used to import and transform data before loading it into a report?","[""Power Query Editor"", ""Power BI Service"", ""Power BI Mobile"", ""Report View""]","Power Query Editor","Power Query Editor handles data extraction, cleaning, and transformation (ETL) before the data is loaded into the model."
"8e0a4e35-5a7b-4c7b-8b64-1fbf6755059a","Power BI","beginner","mcq","What file extension is used for Power BI Desktop files?","["".pbix"", "".pbi"", "".pwb"", "".pbrx""]",".pbix","Power BI Desktop saves reports and data models with the .pbix extension."
"14f3b859-800b-43d5-b921-42365aa45bd5","Power BI","beginner","text","What is a 'dashboard' versus a 'report' in Power BI?","","A report is a multi-page collection of visuals built from a single dataset; a dashboard is a single-page canvas of pinned visuals (tiles), often from multiple reports/datasets, used for high-level monitoring.","Dashboards aggregate key visuals across reports into one view, while reports provide deeper, multi-page exploration of a specific dataset."
"104eb0b0-2c35-4d74-9535-21bbcfda5485","Power BI","beginner","mcq","Which pane in Power BI Desktop lets you drag fields onto a visual?","[""Fields pane"", ""Filters pane"", ""Format pane"", ""Bookmarks pane""]","Fields pane","The Fields pane lists tables and columns from the data model that can be dragged onto the report canvas or visual wells."
"cd355547-2e62-47a7-bab8-dcc4177d1213","Power BI","beginner","mcq","What does a 'slicer' visual do in Power BI?","[""Allows users to filter report data interactively"", ""Displays a KPI trend"", ""Exports data to Excel"", ""Creates a calculated column""]","Allows users to filter report data interactively","Slicers are visual filter controls that let end users interactively narrow down the data shown across a report page."
"aea25231-5871-4ef7-98ba-a4ba9d3329d5","Power BI","beginner","mcq","What language is used to write formulas for calculated columns and measures in Power BI?","[""DAX"", ""SQL"", ""Python"", ""M""]","DAX","DAX (Data Analysis Expressions) is the formula language used for calculated columns, measures, and calculated tables in Power BI."
"4a0aa8b5-e1ac-474a-a5ed-760402491090","Power BI","intermediate","text","What is the difference between a calculated column and a measure in Power BI?","","A calculated column is computed row-by-row and stored in the model (uses memory, static per row); a measure is computed dynamically at query time based on the current filter context, not stored per row.","Measures aggregate dynamically based on report context, while calculated columns add a fixed value to every row at data refresh."
"90f99c7a-399b-4313-8dcf-5755ad6fb518","Power BI","intermediate","mcq","What does the DAX function CALCULATE primarily do?","[""Evaluates an expression in a modified filter context"", ""Sums a column across the whole table only"", ""Creates a new table"", ""Formats a visual's colors""]","Evaluates an expression in a modified filter context","CALCULATE is central to DAX because it lets you override or add filters to change the context in which an expression is evaluated."
"27964540-9159-471a-bdc7-c679f0725347","Power BI","intermediate","mcq","What is the recommended data modeling schema for Power BI performance?","[""Star schema with fact and dimension tables"", ""A single flat denormalized table only"", ""Fully normalized third normal form always"", ""No schema, ad hoc queries only""]","Star schema with fact and dimension tables","Star schemas (fact tables linked to dimension tables) optimize DAX performance and simplify relationships compared to deeply normalized or flat models."
"7d7d4d3d-a37d-4ca1-8e03-c24171befac1","Power BI","intermediate","text","What is 'row context' versus 'filter context' in DAX?","","Row context is the current row being evaluated (e.g., in calculated columns or iterator functions like SUMX); filter context is the set of filters applied via slicers, visuals, or CALCULATE that determines which rows are included in an aggregation.","Understanding both contexts is essential because DAX measures evaluate differently depending on which rows are visible (filter context) versus which single row is active (row context)."
"8dcac39d-360d-496a-bb43-52cdcbb8d7d9","Power BI","intermediate","mcq","What does 'Import' mode versus 'DirectQuery' mode mean for a Power BI data source?","[""Import loads a copy of data into memory; DirectQuery sends live queries to the source without importing"", ""Import is always slower than DirectQuery"", ""DirectQuery caches all data locally"", ""Import mode cannot be refreshed""]","Import loads a copy of data into memory; DirectQuery sends live queries to the source without importing","Import mode offers fast performance via an in-memory cache (VertiPaq engine) but requires scheduled refreshes, while DirectQuery always reflects live data at the cost of query latency."
"645e3112-9c24-4035-a7c6-6d3619500ec7","Power BI","intermediate","mcq","What is the purpose of a relationship's 'cross-filter direction' in Power BI's data model?","[""Determines whether filters propagate one-way or both ways between related tables"", ""Determines the color of the relationship line"", ""Sets the refresh schedule"", ""Controls visual formatting only""]","Determines whether filters propagate one-way or both ways between related tables","Single-direction relationships filter from the 'one' side to the 'many' side, while bidirectional relationships allow filtering to propagate both ways, which can introduce ambiguity."
"a19eae18-bfaa-4412-818e-e1c5032d69d2","Power BI","advanced","text","Explain what context transition is in DAX and when it occurs.","","Context transition converts row context into an equivalent filter context, occurring whenever CALCULATE (or CALCULATETABLE) is used inside a row context, such as within a calculated column referencing a measure.","Without context transition, measures inside iterators wouldn't correctly filter based on the current row's values; CALCULATE triggers this conversion automatically."
"b3045e93-9a13-4a3d-a16d-7ef8a5f23342","Power BI","advanced","mcq","What is the primary purpose of the VertiPaq engine in Power BI?","[""An in-memory columnar storage engine that compresses data for fast aggregation"", ""A row-based storage engine for transactional workloads"", ""A visualization rendering engine"", ""A network protocol for DirectQuery""]","An in-memory columnar storage engine that compresses data for fast aggregation","VertiPaq stores data column-wise with compression and encoding, enabling Power BI's fast in-memory Import mode aggregations."
"da81a1ac-ccac-4cf3-8d82-a54fcb90bbf9","Power BI","advanced","mcq","What is a common cause of poor DAX measure performance that uses many nested CALCULATE and FILTER functions over large tables?","[""Excessive iteration/row-by-row context switching causing the formula engine to scan large materialized tables repeatedly"", ""Too few relationships defined"", ""Using too many slicers on a page"", ""The report having too many pages""]","Excessive iteration/row-by-row context switching causing the formula engine to scan large materialized tables repeatedly","Complex nested iterators force the formula engine (rather than the faster storage engine) to process rows individually, which scales poorly on large fact tables."
"ed426a4a-d090-4bcb-9840-bad89b94e8db","Power BI","advanced","text","What are the trade-offs of using composite models (mixing Import and DirectQuery) in Power BI?","","Composite models let you combine fast in-memory tables with live DirectQuery tables, balancing performance and freshness, but can introduce complexity in relationships, potential performance bottlenecks at DirectQuery boundaries, and limitations on cross-source relationships.","Mixing storage modes provides flexibility but requires careful design since queries spanning both modes can be slower and some DAX functions behave differently."
"4ae3eaa4-161f-40b1-b4db-e3e9ccd76aca","Power BI","advanced","mcq","What does the DAX pattern using VAR ... RETURN primarily improve?","[""Readability and performance by computing a value once and reusing it"", ""Visual formatting"", ""Data refresh scheduling"", ""Row-level security""]","Readability and performance by computing a value once and reusing it","Variables (VAR) evaluate an expression once and store the result, avoiding redundant recomputation and improving formula clarity."
"3f39d144-c745-47fb-8330-1def3dff810c","Power BI","advanced","text","What is Row-Level Security (RLS) in Power BI and how is it implemented?","","RLS restricts data visibility per user by defining DAX filter rules on roles within the data model, so different users querying the same report see only rows matching their assigned role/filters.","RLS roles apply row filters (e.g., Region = USERPRINCIPALNAME()) that are enforced dynamically based on the viewing user's identity."
"e7ca679d-c7fd-40e5-bf26-d43f675869dd","Power BI","advanced","mcq","What is the effect of using bi-directional relationships extensively across a complex model?","[""Can cause ambiguous filter paths and degrade performance"", ""Always improves performance"", ""Has no effect on filter propagation"", ""Automatically resolves all circular filter issues""]","Can cause ambiguous filter paths and degrade performance","Overusing bidirectional filtering can create ambiguous or circular filter propagation paths, increasing query complexity and potential for inconsistent results."
"fe5a9c32-f3e9-4619-82ea-ac05326bf2b0","Statistics","beginner","mcq","What does the mean of a dataset represent?","[""The average value"", ""The most frequent value"", ""The middle value"", ""The range of values""]","The average value","The mean is calculated by summing all values and dividing by the count of values."
"4e676a98-5b0a-4682-93ee-30b0f8c070ae","Statistics","beginner","mcq","What is the median of the dataset [3, 7, 9, 2, 5]?","[""5"", ""3"", ""9"", ""6.5""]","5","Sorted, the data is [2,3,5,7,9]; the median is the middle value, which is 5."
"b66935c2-95c1-40f5-8def-bdb8857878d0","Statistics","beginner","mcq","What does standard deviation measure?","[""The spread/dispersion of data around the mean"", ""The central tendency of data"", ""The most common value"", ""The total sum of values""]","The spread/dispersion of data around the mean","Standard deviation quantifies how much individual data points deviate from the mean on average."
"67d66c14-27e0-4cdd-8226-7681c20613df","Statistics","beginner","text","What is the difference between mean, median, and mode?","","Mean is the arithmetic average; median is the middle value when sorted; mode is the most frequently occurring value.","Each measures central tendency differently, and their relative values reveal skewness in a distribution."
"0e6d2c83-ca57-49ee-bf52-a28c7a4f8cce","Statistics","beginner","mcq","What type of variable is 'number of children in a family'?","[""Discrete quantitative"", ""Continuous quantitative"", ""Nominal categorical"", ""Ordinal categorical""]","Discrete quantitative","It takes distinct countable integer values (0, 1, 2, ...), making it discrete rather than continuous."
"08721a41-6d6f-4f57-97af-bc42c3ddc68d","Statistics","beginner","mcq","What does a p-value represent in hypothesis testing?","[""The probability of observing data as extreme as the sample, assuming the null hypothesis is true"", ""The probability the null hypothesis is true"", ""The sample size needed"", ""The confidence level of the test""]","The probability of observing data as extreme as the sample, assuming the null hypothesis is true","A small p-value suggests the observed data would be unlikely under the null hypothesis, providing evidence against it."
"ddc4dd40-0b6c-40fc-b293-acf03f8120bb","Statistics","beginner","mcq","Which measure is most affected by outliers?","[""Mean"", ""Median"", ""Mode"", ""Interquartile range""]","Mean","The mean incorporates every value directly into its calculation, so extreme outliers can pull it significantly compared to the median."
"d4282a6a-67c9-4a42-b1b9-1bb7be0b1d5e","Statistics","intermediate","text","What is the Central Limit Theorem and why is it important?","","The CLT states that the sampling distribution of the sample mean approaches a normal distribution as sample size increases, regardless of the population's original distribution, enabling inference using normal-based methods.","It justifies using normal-distribution-based confidence intervals and hypothesis tests even when the underlying population isn't normally distributed, given sufficiently large samples."
"575225e6-fbc8-4798-9eff-7d73d341da4f","Statistics","intermediate","mcq","What does a Type I error represent in hypothesis testing?","[""Rejecting a true null hypothesis (false positive)"", ""Failing to reject a false null hypothesis (false negative)"", ""Correctly rejecting a false null hypothesis"", ""Correctly accepting a true null hypothesis""]","Rejecting a true null hypothesis (false positive)","A Type I error occurs when we conclude there is an effect/difference when in reality there isn't one."
"ffed1c17-d343-4eac-85cb-e195a0f82949","Statistics","intermediate","mcq","What does correlation between two variables tell you?","[""The strength and direction of a linear relationship, not causation"", ""That one variable causes the other"", ""That the variables are independent"", ""The exact predicted value of one variable""]","The strength and direction of a linear relationship, not causation","Correlation measures linear association only; it does not imply that changes in one variable cause changes in the other."
"799f4d21-b8dc-4735-a70b-6efa42b68170","Statistics","intermediate","text","What is the difference between a population and a sample in statistics?","","A population includes all members of a defined group being studied; a sample is a subset of the population used to make inferences about it.","Since studying entire populations is often impractical, samples are used to estimate population parameters through statistical inference."
"72ede5e1-a570-4569-aa72-4dc382c56689","Statistics","intermediate","mcq","What does a 95% confidence interval mean?","[""If we repeated the sampling process many times, about 95% of such intervals would contain the true parameter"", ""There is a 95% probability the true parameter lies in this specific interval"", ""95% of the data falls within this interval"", ""The sample mean equals the population mean 95% of the time""]","If we repeated the sampling process many times, about 95% of such intervals would contain the true parameter","Confidence intervals describe the long-run frequency property of the interval estimation procedure, not a probability statement about one fixed interval."
"0b89d2a8-8176-4a55-9bad-93cca1549575","Statistics","intermediate","mcq","Which test is appropriate for comparing means of two independent groups?","[""Independent samples t-test"", ""Chi-square test"", ""ANOVA only"", ""Pearson correlation""]","Independent samples t-test","The independent samples t-test compares the means of two unrelated groups to determine if they differ significantly."
"9dcf5028-7e10-4342-842c-f4d2e5f27ffd","Statistics","advanced","text","Explain the difference between Type I and Type II errors and how the significance level (alpha) and power relate to them.","","Type I error (false positive) rate is controlled by alpha (significance level); Type II error (false negative) rate is beta, and power (1-beta) is the probability of correctly rejecting a false null. Lowering alpha typically increases beta (reduces power) unless sample size increases.","There's an inherent tradeoff: making the test more conservative (lower alpha) reduces false positives but increases the risk of missing true effects unless compensated by larger sample size."
"fd905a8b-b823-4e74-8260-5bd22e421183","Statistics","advanced","mcq","What does heteroscedasticity in a regression model indicate?","[""The variance of residuals is not constant across levels of the independent variable"", ""The model has perfect multicollinearity"", ""The residuals are normally distributed"", ""The model has no predictive power""]","The variance of residuals is not constant across levels of the independent variable","Heteroscedasticity violates the constant-variance (homoscedasticity) assumption of OLS regression, potentially biasing standard errors and hypothesis tests."
"c04142ed-7e1a-43d0-849a-1206ef8953bf","Statistics","advanced","mcq","What problem does multicollinearity cause in multiple regression?","[""Unstable and inflated coefficient estimates, making individual predictor effects hard to interpret"", ""Guaranteed overfitting of the training data only"", ""Always reduces R-squared"", ""It has no practical impact on the model""]","Unstable and inflated coefficient estimates, making individual predictor effects hard to interpret","When predictors are highly correlated with each other, it becomes difficult to isolate each variable's individual effect, inflating coefficient variance."
"d29eeadf-74f5-45e9-9c4c-3929f47f4d84","Statistics","advanced","text","What is the difference between frequentist and Bayesian approaches to statistical inference?","","Frequentist inference treats parameters as fixed unknowns and probability as long-run frequency, relying on p-values and confidence intervals; Bayesian inference treats parameters as random variables with prior distributions, updating beliefs into posterior distributions using observed data via Bayes' theorem.","Bayesian methods incorporate prior knowledge and yield probability statements directly about parameters, while frequentist methods rely on the sampling distribution of estimators."
"0942fb83-373c-4f5e-983d-067001353860","Statistics","advanced","mcq","In A/B testing, what is the danger of 'peeking' at results and stopping early once significance is reached?","[""It inflates the false positive rate beyond the nominal alpha level"", ""It has no statistical consequence"", ""It always increases statistical power"", ""It only affects Bayesian tests, not frequentist ones""]","It inflates the false positive rate beyond the nominal alpha level","Repeated significance testing as data accumulates increases the chance of a false positive above the nominal alpha, since it effectively performs multiple comparisons."
"fd0ca9bc-569c-40a9-ac45-2c5a8422467c","Statistics","advanced","code","A researcher runs 20 independent hypothesis tests at alpha=0.05 without correction and finds one significant result. Why is this concerning?","","With 20 independent tests at alpha=0.05, the expected number of false positives by chance alone is about 1, so this 'significant' result is likely a false positive; multiple comparison correction (e.g., Bonferroni) should be applied.","The family-wise error rate grows with the number of tests performed; without correction, one expects roughly 1 in 20 tests to appear significant purely by chance."
"384a2d47-65c8-43ef-9868-334b727566c7","Statistics","intermediate","mcq","What does skewness measure in a distribution?","[""The asymmetry of the distribution around its mean"", ""The average value of the data"", ""The spread of the data"", ""The number of modes in the data""]","The asymmetry of the distribution around its mean","Positive skew indicates a longer right tail, negative skew a longer left tail, describing how symmetric a distribution is."
"70e383d1-d3ba-4ff1-a4d8-a67e8596837f","Excel","beginner","mcq","Which function adds up a range of numbers in Excel?","[""SUM()"", ""TOTAL()"", ""ADD()"", ""PLUS()""]","SUM()","SUM() adds all numeric values within the specified range or arguments."
"7bbc6df3-52ee-4b86-a3e1-2b41ec69896a","Excel","beginner","mcq","What symbol must precede a formula in an Excel cell?","[""="", ""#"", ""@"", ""$""]","=","Excel interprets any cell input starting with '=' as a formula to be evaluated."
"df3990f6-73c9-4eb8-941d-2bf27ea5a735","Excel","beginner","mcq","What does the VLOOKUP function do?","[""Searches for a value in the first column of a range and returns a value in the same row from another column"", ""Sorts data alphabetically"", ""Counts cells matching a condition"", ""Formats cells conditionally""]","Searches for a value in the first column of a range and returns a value in the same row from another column","VLOOKUP performs a vertical lookup, matching a key in the leftmost column and returning a corresponding value from a specified column index."
"cbfadbf5-44cb-490e-81f9-5be1040f30df","Excel","beginner","text","What is the difference between a relative and an absolute cell reference in Excel?","","A relative reference (e.g., A1) changes when copied to another cell; an absolute reference (e.g., $A$1) stays fixed regardless of where it's copied.","The dollar sign locks the row and/or column so the reference doesn't shift during copy/fill operations."
"00c5fcec-95a9-4cd9-993f-f591aa6c6bd8","Excel","beginner","mcq","Which chart type is best for showing proportions of a whole?","[""Pie chart"", ""Line chart"", ""Scatter plot"", ""Histogram""]","Pie chart","Pie charts visually represent parts of a whole, showing each category's proportion relative to the total."
"90928521-f082-4880-9c5f-92ca14780c0a","Excel","beginner","mcq","What does the COUNTIF function do?","[""Counts the number of cells that meet a specified condition"", ""Sums values meeting a condition"", ""Returns the average of a range"", ""Counts all cells regardless of content""]","Counts the number of cells that meet a specified condition","COUNTIF counts cells in a range that satisfy a given criterion, e.g., COUNTIF(A1:A10, "">5"")."
"e2474891-e0a2-48a3-a26f-b1d828969bbf","Excel","beginner","mcq","What keyboard shortcut is commonly used to autofill a formula down a column after selecting it?","[""Ctrl+D"", ""Ctrl+F"", ""Ctrl+P"", ""Ctrl+A""]","Ctrl+D","Ctrl+D fills the formula/content from the top cell of the selection down through the rest of the selected cells."
"7687dfe9-c4c5-4779-a986-0ab17f7f1fd9","Excel","intermediate","text","What is a PivotTable and what is it used for?","","A PivotTable is an interactive tool that summarizes, aggregates, and reorganizes large datasets by dragging fields into rows, columns, values, and filters, without writing formulas.","PivotTables let users quickly slice and summarize data (sums, counts, averages) across different dimensions interactively."
"19a0c406-74fa-4ba8-8874-63dd833a3cb9","Excel","intermediate","code","What does this formula return if A1=10 and B1=0?
=IFERROR(A1/B1, ""N/A"")","","""N/A""","A1/B1 causes a #DIV/0! error, which IFERROR catches and returns the fallback value ""N/A"" instead."
"82893379-f15a-46f7-bf31-cfcec658a241","Excel","intermediate","mcq","What is the key difference between VLOOKUP and INDEX/MATCH?","[""INDEX/MATCH can look leftward and is more flexible/robust to column insertions"", ""VLOOKUP is always faster"", ""INDEX/MATCH cannot perform exact matches"", ""There is no functional difference""]","INDEX/MATCH can look leftward and is more flexible/robust to column insertions","VLOOKUP only searches left-to-right and breaks if columns are inserted/reordered, whereas INDEX/MATCH references columns independently and can look in any direction."
"57f9e99f-0b24-441c-b08c-b92162769866","Excel","intermediate","mcq","What does conditional formatting do in Excel?","[""Automatically applies formatting (color, icons) to cells based on their values meeting defined rules"", ""Locks cells from editing"", ""Converts text to numbers"", ""Removes duplicate rows""]","Automatically applies formatting (color, icons) to cells based on their values meeting defined rules","Conditional formatting visually highlights data patterns (e.g., highlighting values above a threshold) based on rule-driven logic."
"dca848df-4c87-484a-8931-87693b73aa98","Excel","intermediate","code","What does this array formula/function combo compute?
=SUMPRODUCT((A2:A10=""East"")*(B2:B10))","","The sum of values in B2:B10 where the corresponding row in A2:A10 equals ""East"" (a conditional sum without needing SUMIF's exact syntax).","SUMPRODUCT multiplies the boolean array (1 for matches, 0 otherwise) elementwise with B2:B10 and sums the result, effectively summing only matching rows."
"2ab3184b-f712-4bd3-a4ac-ea1d2748e1b9","Excel","intermediate","text","What is the purpose of Excel's Data Validation feature?","","It restricts what values can be entered into a cell (e.g., dropdown lists, number ranges, date ranges) to reduce input errors.","Data validation enforces rules on cell input, preventing invalid or out-of-range data entry."
"1f5ae452-0040-484d-b5b5-e970f7802ca4","Excel","advanced","code","What does this modern Excel formula do?
=UNIQUE(FILTER(A2:A100, B2:B100=""Active""))","","It returns a list of unique values from column A where the corresponding row in column B equals ""Active"", spilling as a dynamic array.","FILTER first extracts matching rows, then UNIQUE removes duplicates from that filtered result, both spilling dynamically without needing array-entry (Ctrl+Shift+Enter)."
"cae1a3b6-607f-49c9-818e-0996382e6d2d","Excel","advanced","mcq","What is the primary advantage of using Power Query over manual formulas for data cleaning in Excel?","[""Repeatable, auditable ETL steps that can refresh automatically on new data"", ""Power Query is always faster to calculate than formulas"", ""It replaces the need for PivotTables"", ""It only works with Excel files, not external sources""]","Repeatable, auditable ETL steps that can refresh automatically on new data","Power Query records each transformation step, allowing the same cleaning pipeline to be reapplied to refreshed or new data automatically."
"64f357b3-9427-4e25-a7b7-cdee4a975757","Excel","advanced","text","Explain what circular references are in Excel and how iterative calculation can be used to intentionally resolve them.","","A circular reference occurs when a formula refers back to its own cell directly or indirectly; Excel normally flags this as an error, but enabling iterative calculation lets Excel repeatedly recalculate until values converge, useful for intentional feedback-loop models.","Iterative calculation settings allow controlled convergence for legitimate circular models (e.g., interest calculations), while by default Excel treats circular references as errors to prevent infinite loops."
"4b970f2e-4c4e-4a4c-8372-beb6203a1f1d","Excel","advanced","mcq","What does the LAMBDA function (in modern Excel) allow you to do?","[""Define custom, reusable functions natively in a worksheet without VBA"", ""Create pivot charts"", ""Automate email sending"", ""Encrypt worksheet data""]","Define custom, reusable functions natively in a worksheet without VBA","LAMBDA lets users create named, reusable custom functions directly within Excel formulas, reducing the need for VBA macros for simple custom logic."
"29cbefef-e34c-4662-95d9-85f38d87e747","Excel","advanced","code","What issue can arise from this formula when copied across many rows in a large dataset?
=VLOOKUP(A2, Sheet2!$A$1:$Z$100000, 5, FALSE)","","Referencing a huge fixed range (100,000 rows x 26 columns) in every row's VLOOKUP can cause significant recalculation slowdown; using a properly sized named range/table or INDEX/MATCH with binary search (sorted, exact) can improve performance.","Excel must scan the lookup range for each formula instance; oversized ranges and exact-match linear scans multiply computation cost across thousands of rows."
"57e92fe0-cb12-46de-a728-c43769deea31","Excel","advanced","text","What is the difference between array formulas (legacy Ctrl+Shift+Enter) and modern Dynamic Arrays in Excel?","","Legacy array formulas required Ctrl+Shift+Enter and results were confined to a pre-selected range; modern Dynamic Arrays (e.g., in Excel 365) automatically 'spill' results into adjacent cells as needed, without special entry, and integrate with functions like FILTER, SORT, and UNIQUE.","Dynamic arrays simplify formula authoring by removing the need for special key combinations and automatically resizing output ranges as data changes."
"ac02a9fc-505e-402a-b33e-ff194d67a04e","Excel","beginner","mcq","Which function returns the average of a range of numbers?","[""AVERAGE()"", ""MEAN()"", ""MEDIAN()"", ""SUM()""]","AVERAGE()","AVERAGE() computes the arithmetic mean of the numeric values in the specified range."
"c288d7ff-f985-415b-8a14-d195dd6c9f04","TypeScript","beginner","mcq","What is TypeScript primarily used for?","[""Adding static typing to JavaScript"", ""Replacing HTML"", ""Styling web pages"", ""Managing databases""]","Adding static typing to JavaScript","TypeScript is a superset of JavaScript that adds optional static type checking, compiled down to plain JavaScript."
"3912dc6a-201a-4af4-865e-e46906729eec","TypeScript","beginner","mcq","How do you annotate a variable as a number type in TypeScript?","[""let x: number = 5;"", ""let x number = 5;"", ""let x = number(5);"", ""number x = 5;""]","let x: number = 5;","TypeScript type annotations use a colon followed by the type after the variable name."
"7c2031e8-4e8f-4f59-a5a6-6a035c0e7691","TypeScript","beginner","mcq","What does the 'interface' keyword define in TypeScript?","[""A shape/contract that an object must conform to"", ""A runtime class"", ""A CSS selector"", ""An import statement""]","A shape/contract that an object must conform to","Interfaces describe the structure (property names and types) an object should have, checked at compile time."
"3f01d386-a702-4ca4-983d-91caec9d2712","TypeScript","beginner","text","What is the 'any' type in TypeScript and why should it generally be avoided?","","'any' opts a value out of type checking entirely, allowing any operation on it; overusing it defeats the purpose of TypeScript's type safety and can hide bugs.","Using 'any' disables compile-time checks for that value, reintroducing the same risks as plain untyped JavaScript."
"d504c5d8-466d-4cac-bb68-e897d9af8109","TypeScript","beginner","mcq","Which file extension is used for TypeScript files?","["".ts"", "".tsx only"", "".typescript"", "".jss""]",".ts","Standard TypeScript files use .ts, while .tsx is used specifically for TypeScript files containing JSX."
"da3dded6-07eb-4adf-bd89-c0f2aa449f4e","TypeScript","beginner","code","What compile error occurs here?
function greet(name: string): string {
  return name.toUpperCase();
}
greet(42);","","Type error: Argument of type 'number' is not assignable to parameter of type 'string'.","TypeScript's static type checker rejects passing a number where a string parameter is expected."
"f527f761-ac54-40d1-be4a-9a3287340c69","TypeScript","beginner","mcq","What does the '?' symbol mean in 'interface User { age?: number }'?","[""The property is optional"", ""The property is required"", ""The property is read-only"", ""The property is a boolean""]","The property is optional","Appending '?' to a property name marks it optional, meaning objects satisfying the interface may omit it."
"7d8e79a9-0e00-4cd3-8ecb-c85c6dbc35dc","TypeScript","intermediate","mcq","What is the difference between 'interface' and 'type' in TypeScript for object shapes?","[""Interfaces can be merged/extended via declaration merging; type aliases cannot be re-opened but support unions/intersections more flexibly"", ""They are functionally identical in every case with no differences"", ""Type aliases can only describe primitives"", ""Interfaces cannot describe functions""]","Interfaces can be merged/extended via declaration merging; type aliases cannot be re-opened but support unions/intersections more flexibly","Interfaces support declaration merging (multiple declarations combine), while type aliases are more general-purpose (unions, tuples, mapped types) but fixed once declared."
"d8db0fbd-c802-42c6-b17c-159125606449","TypeScript","intermediate","code","What does this generic function signature mean?
function identity<T>(arg: T): T {
  return arg;
}","","It defines a generic function where T is a type parameter inferred from the argument; whatever type is passed in is returned, preserving type information.","Generics allow the function to work with any type while maintaining a type-safe relationship between input and output."
"5f645028-16f6-4d92-9ae1-1dc6572a1872","TypeScript","intermediate","mcq","What does a union type like 'string | number' mean?","[""The value can be either a string or a number"", ""The value must be both a string and a number"", ""The value is always converted to a string"", ""It creates a new combined type with all properties of both""]","The value can be either a string or a number","A union type restricts a value to being one of the specified types, requiring type narrowing before type-specific operations."
"df82fa60-3b38-4bc6-8440-3a72e45a9051","TypeScript","intermediate","text","What is type narrowing and give an example of how it's achieved.","","Type narrowing is refining a variable's type within a code branch based on runtime checks, e.g., using typeof, instanceof, or custom type guards, so TypeScript infers a more specific type in that branch.","Narrowing lets TypeScript track control-flow-based type refinements, enabling safe access to type-specific members inside conditional blocks."
"07c38d50-3e1d-41fe-a8e1-9f28ef7f4ed2","TypeScript","intermediate","code","What TypeScript error occurs, and how to fix it?
interface Shape { area(): number; }
class Circle implements Shape {
  constructor(public radius: number) {}
}","","Error: Circle does not implement the 'area' method required by Shape. Fix by adding an area() method, e.g. area() { return Math.PI * this.radius ** 2; }","A class declared to 'implement' an interface must provide concrete implementations for all members defined in that interface."
"f3672dfb-81f3-4519-b878-b811727341cb","TypeScript","intermediate","mcq","What does the 'readonly' modifier do to a property?","[""Prevents reassignment of the property after initialization"", ""Makes the property optional"", ""Makes the property private"", ""Converts the property to a getter""]","Prevents reassignment of the property after initialization","readonly properties can be assigned once (typically in a constructor) but cannot be modified afterward, enforced at compile time."
"20324ae8-6b97-4d5f-b239-d967b9d4f099","TypeScript","advanced","text","Explain what TypeScript's structural typing (duck typing) means compared to nominal typing.","","Structural typing determines type compatibility based on the shape (members and their types) of a value rather than its declared name/class; two unrelated types with identical structure are considered compatible, unlike nominal typing used in languages like Java/C#.","TypeScript compares object shapes structurally, so any object with matching properties satisfies an interface regardless of explicit declaration."
"3047caf7-7c2c-45ac-864d-3f8f0dc60f49","TypeScript","advanced","code","What does this mapped type produce?
type Partial2<T> = { [P in keyof T]?: T[P] };
interface User { id: number; name: string; }
type PartialUser = Partial2<User>;","","PartialUser becomes { id?: number; name?: string }, i.e., a version of User where all properties are optional (equivalent to TypeScript's built-in Partial<T>).","The mapped type iterates over keyof T, applying '?' to each property, replicating the behavior of the standard library's Partial utility type."
"e59da0f4-402f-49b2-99c6-4bc812190ed4","TypeScript","advanced","mcq","What is a discriminated union in TypeScript?","[""A union of object types sharing a common literal property used to narrow the type safely"", ""A union that discriminates against certain types at runtime"", ""A generic constraint mechanism"", ""A way to merge two interfaces""]","A union of object types sharing a common literal property used to narrow the type safely","Discriminated unions use a common 'tag' field (e.g., kind: 'circle' | 'square') to let TypeScript narrow to the specific variant in switch/if statements."
"1efb87b5-8667-422e-92ef-440be4398387","TypeScript","advanced","mcq","What is the purpose of conditional types like 'T extends U ? X : Y'?","[""To select a type based on a type-level condition, enabling advanced type transformations"", ""To perform runtime conditional logic"", ""To create union types only"", ""To enforce a class hierarchy""]","To select a type based on a type-level condition, enabling advanced type transformations","Conditional types allow type-level branching, foundational to utility types like Exclude, Extract, and ReturnType."
"1e233ba0-8651-42ae-b18e-43dbb1e8a6af","TypeScript","advanced","code","Why might this fail at compile time, and what's the fix?
function merge<T, U>(a: T, b: U) {
  return { ...a, ...b };
}
const obj = merge({name: 'A'}, {age: 5});
console.log(obj.email);","","TypeScript infers the return type as T & U ({name: string} & {age: number}), which has no 'email' property, so accessing obj.email is a compile error; the fix is not accessing undeclared properties or extending the input types.","TypeScript's structural inference of the intersection type only includes properties actually present in the merged inputs, so accessing a nonexistent property is caught statically."
"9edfe138-5df4-4a38-9be6-b1a1f6199876","TypeScript","advanced","text","What is the difference between 'unknown' and 'any' in TypeScript?","","'any' disables type checking entirely, allowing any operation; 'unknown' is type-safe—it accepts any value but requires narrowing (type checks) before you can perform operations on it.","unknown forces explicit type narrowing before use, preserving type safety, whereas any bypasses the type system completely."
"0f6e4ac1-ae23-497f-b4fe-ca8e73f25f75","TypeScript","advanced","mcq","What does 'strictNullChecks' do when enabled in tsconfig.json?","[""Prevents null/undefined from being assignable to other types unless explicitly included in the type"", ""Disables all null checks"", ""Forces all variables to have a default value"", ""Only affects function parameters""]","Prevents null/undefined from being assignable to other types unless explicitly included in the type","With strictNullChecks on, a type like 'string' no longer implicitly includes null/undefined, catching many null-reference bugs at compile time."
"af2fc4b6-e7a2-4fd8-a5d4-711105f13c78","Java / C++ / C#","beginner","mcq","In Java, which keyword is used to create a subclass?","[""extends"", ""implements"", ""inherits"", ""subclass""]","extends","The 'extends' keyword establishes inheritance between a subclass and its superclass in Java."
"6458d55e-b95f-45d3-8dfb-246604c8c4ab","Java / C++ / C#","beginner","mcq","In C++, what operator is used to allocate memory dynamically for a single object?","[""new"", ""malloc"", ""alloc"", ""create""]","new","'new' allocates memory on the heap and calls the constructor for the object in C++."
"573212fc-d89e-4dbc-a53b-897e874a05b2","Java / C++ / C#","beginner","mcq","What access modifier in C# makes a member accessible only within the same class?","[""private"", ""public"", ""protected"", ""internal""]","private","private restricts access to only the defining class, unlike protected (subclasses) or public (everywhere)."
"cb6ef465-f4ce-43ca-85ee-15bf37fa8277","Java / C++ / C#","beginner","text","What is the difference between a class and an object in object-oriented programming?","","A class is a blueprint/template defining properties and behaviors; an object is a concrete instance created from that class.","Classes define structure and behavior, while objects are actual instantiated entities occupying memory at runtime."
"79ba9ae8-33f4-4c58-a6f5-67fc06d74902","Java / C++ / C#","beginner","mcq","What is method overloading?","[""Defining multiple methods with the same name but different parameter lists"", ""Overriding a parent class method"", ""Calling a method recursively"", ""Declaring a method as static""]","Defining multiple methods with the same name but different parameter lists","Overloading allows methods to share a name while differing in parameter type/count, resolved at compile time."
"7e1385f6-3f67-41cf-a906-cba9aa2f9509","Java / C++ / C#","beginner","code","What is the output in Java?
int x = 5;
int y = 2;
System.out.println(x / y);","","2","Integer division in Java truncates the decimal part, so 5 / 2 evaluates to 2, not 2.5."
"1723fa57-4645-4b3b-9520-2bbc1239eeba","Java / C++ / C#","beginner","mcq","What does the 'static' keyword mean when applied to a method in Java/C#?","[""The method belongs to the class rather than any instance"", ""The method cannot be called"", ""The method runs only once ever"", ""The method is automatically private""]","The method belongs to the class rather than any instance","Static methods are called on the class itself and cannot access instance (non-static) members directly."
"83ef6bc8-ac64-4704-90b5-70494a1b9e54","Java / C++ / C#","intermediate","code","What is the output in C++, and why?
int x = 10;
int& ref = x;
ref = 20;
std::cout << x;","","20","ref is a reference (alias) to x, so modifying ref directly modifies the original variable x."
"89e66518-ca63-4584-aeda-a493f22f965c","Java / C++ / C#","intermediate","mcq","What is the difference between an abstract class and an interface in Java?","[""An abstract class can have state and partial implementation; an interface (traditionally) declares only method signatures, and a class can implement multiple interfaces but extend only one class"", ""There is no difference"", ""Interfaces can have constructors"", ""Abstract classes cannot have any methods""]","An abstract class can have state and partial implementation; an interface (traditionally) declares only method signatures, and a class can implement multiple interfaces but extend only one class","Java supports single class inheritance but multiple interface implementation, and abstract classes can hold fields and concrete methods unlike traditional interfaces."
"9789a3c4-8ed4-4e1e-a171-82f56afa1059","Java / C++ / C#","intermediate","text","What is the difference between 'stack' and 'heap' memory allocation in C++?","","Stack memory is automatically managed with fast allocation/deallocation tied to scope (function calls); heap memory is manually managed (new/delete) with longer lifetime but slower allocation and risk of leaks if not freed.","Stack allocation follows LIFO scope-based lifetime automatically, while heap allocation persists until explicitly freed, requiring careful memory management."
"d60bbd53-5f5e-4fa1-9e17-5bdea0f5ae9c","Java / C++ / C#","intermediate","mcq","What does a C++ destructor do?","[""Cleans up resources when an object goes out of scope or is deleted"", ""Initializes an object's fields"", ""Creates a copy of an object"", ""Converts an object to another type""]","Cleans up resources when an object goes out of scope or is deleted","Destructors (~ClassName()) run automatically to release resources like memory or file handles when an object's lifetime ends."
"25532e9b-835d-4d20-acfa-a92b116a48af","Java / C++ / C#","intermediate","mcq","In C#, what is the purpose of the 'using' statement with IDisposable objects?","[""Ensures Dispose() is called automatically when the block exits, even on exceptions"", ""Imports a namespace only"", ""Declares a static class"", ""Prevents garbage collection entirely""]","Ensures Dispose() is called automatically when the block exits, even on exceptions","The using statement wraps IDisposable resource usage in a try/finally, guaranteeing deterministic cleanup."
"a0a475a8-4e06-4a5c-8f4e-d7be61741984","Java / C++ / C#","intermediate","code","What happens when this Java code runs?
List<String> list = new ArrayList<>();
for (String s : list) {
    if (s.equals(""a"")) list.remove(s);
}","","It throws ConcurrentModificationException if the list contains matching elements, since modifying a list while iterating with a for-each loop is not allowed; use an Iterator's remove() method instead.","The enhanced for-loop uses a fail-fast iterator that detects structural modification (like remove) during iteration and throws an exception."
"3ee6ac99-a052-4ab3-8c54-7c9bfb8fa9be","Java / C++ / C#","intermediate","text","What is polymorphism in OOP, and what's the difference between compile-time and runtime polymorphism?","","Polymorphism allows objects of different types to be treated through a common interface; compile-time polymorphism (method overloading) is resolved at compile time, while runtime polymorphism (method overriding via virtual/inheritance) is resolved dynamically based on the actual object type at runtime.","Overriding uses dynamic dispatch (vtables in C++/virtual methods) determined at runtime, while overloading is resolved statically based on argument types at compile time."
"d8f2d8d3-eb5f-48da-946e-a5feb9cc8b3f","Java / C++ / C#","advanced","text","Explain how Java's garbage collector generally works (generational hypothesis) and why it improves performance.","","Java's GC divides the heap into generations (young/old); most objects die young, so the young generation is collected frequently and cheaply (minor GC), while the old generation, holding long-lived objects, is collected less often (major GC), reducing overall collection overhead.","The generational hypothesis (most objects are short-lived) lets the JVM optimize for the common case, minimizing full-heap scans."
"b33c95bf-9736-46e5-98a1-5fb6102c945a","Java / C++ / C#","advanced","code","What is the memory safety issue in this C++ code?
int* getPointer() {
    int x = 42;
    return &x;
}","","It returns a pointer to a local stack variable that goes out of scope when the function returns, resulting in a dangling pointer; the caller dereferencing it is undefined behavior.","Local variables are destroyed when their function returns, so any pointer to them becomes invalid immediately after the function exits."
"bd81e696-6dc8-4eb3-8d56-7aed1842ca9b","Java / C++ / C#","advanced","mcq","What is a virtual function in C++ used for?","[""To enable runtime polymorphism via dynamic dispatch through a base class pointer/reference"", ""To make a function run faster"", ""To prevent a function from being overridden"", ""To declare a function as static""]","To enable runtime polymorphism via dynamic dispatch through a base class pointer/reference","Virtual functions use a vtable mechanism so the correct derived class implementation is called even when accessed via a base class pointer."
"8478e487-f6f8-4e1f-8fe4-418c566dc269","Java / C++ / C#","advanced","mcq","What does the 'volatile' keyword guarantee in Java?","[""Visibility of writes across threads, preventing caching of the variable in thread-local memory/registers"", ""Atomicity of compound operations like increment"", ""Thread-safety for all operations"", ""That the variable cannot be changed""]","Visibility of writes across threads, preventing caching of the variable in thread-local memory/registers","volatile ensures reads/writes go to main memory, providing visibility guarantees, but it does not make compound operations (like i++) atomic."
"04aba73b-004e-4892-9574-a57aea91ffc4","Java / C++ / C#","advanced","text","What is RAII (Resource Acquisition Is Initialization) in C++ and why is it important?","","RAII ties resource lifetime to object lifetime: a resource (memory, file handle, lock) is acquired in a constructor and released in the destructor, ensuring automatic, exception-safe cleanup when the object goes out of scope.","RAII leverages deterministic destructor calls to guarantee resources are released even if exceptions occur, avoiding manual cleanup errors and leaks."
"04075f6e-c0ad-48ff-8fb9-088ef9dd074e","Java / C++ / C#","advanced","code","Why is this C# code potentially problematic in high-concurrency scenarios?
private static int counter = 0;
public void Increment() {
    counter++;
}","","counter++ is not atomic (it's a read-modify-write sequence); concurrent threads calling Increment() can race and lose updates. Use Interlocked.Increment(ref counter) or proper locking instead.","Without synchronization, two threads can read the same value before either writes back, causing lost updates under concurrent access."
"7dae494d-3b1a-4931-8bbd-912d4a718bab","Node.js","beginner","mcq","What is Node.js primarily used for?","[""Running JavaScript outside the browser, typically for servers/backends"", ""Styling web pages"", ""Compiling C++ code"", ""Managing databases exclusively""]","Running JavaScript outside the browser, typically for servers/backends","Node.js is a JavaScript runtime built on Chrome's V8 engine, enabling server-side and command-line JavaScript execution."
"0c92852a-3a25-4358-857b-a34dd74562b8","Node.js","beginner","mcq","Which built-in Node.js module is used to create an HTTP server?","[""http"", ""fs"", ""path"", ""url""]","http","The 'http' core module provides functions to create HTTP servers and clients in Node.js."
"e3a62e58-a192-4bb6-a8a6-5b2d4e28e1db","Node.js","beginner","mcq","What file does npm use to track a project's dependencies?","[""package.json"", ""node_modules.json"", ""dependencies.txt"", ""npm.config""]","package.json","package.json lists a Node.js project's metadata, dependencies, scripts, and version information."
"eba62945-c90b-44cf-b5d6-021b51912f22","Node.js","beginner","text","What does it mean that Node.js is 'single-threaded' with an event loop?","","Node.js executes JavaScript on a single main thread, using an event loop to handle asynchronous I/O operations non-blockingly via callbacks/promises, while I/O itself is offloaded to the OS or a thread pool (libuv).","The single JS thread avoids the overhead of thread synchronization, while non-blocking I/O keeps the server responsive during long-running operations."
"75e561de-fa07-4d0d-bffa-cdaa5bfe37d1","Node.js","beginner","mcq","Which command installs a package listed in package.json?","[""npm install"", ""npm build"", ""npm run"", ""npm start""]","npm install","npm install reads package.json (and package-lock.json) and downloads all listed dependencies into node_modules."
"4a452b38-0a50-4713-a588-7a70a216f14c","Node.js","beginner","code","What does this code do?
const fs = require('fs');
fs.readFile('data.txt', 'utf8', (err, data) => {
  console.log(data);
});","","It asynchronously reads the contents of data.txt as UTF-8 text and logs the file content once the callback is invoked, without blocking the event loop.","fs.readFile is non-blocking; execution continues immediately, and the callback runs later when the file read completes."
"d277f377-f1ab-4b2c-8f36-bb32b6c507ab","Node.js","beginner","mcq","What does 'require()' do in Node.js (CommonJS modules)?","[""Imports a module's exported functionality"", ""Declares a new variable"", ""Starts the Node.js server"", ""Compiles TypeScript files""]","Imports a module's exported functionality","require() loads and caches a module, returning its module.exports object for use in the current file."
"c52a27a3-071e-4748-8bd0-323aa6831716","Node.js","intermediate","code","What is wrong with this Express route handler?
app.get('/user/:id', (req, res) => {
  const user = db.findUserSync(req.params.id);
  res.json(user);
});","","If findUserSync performs blocking I/O (synchronous disk/db access), it blocks the entire event loop, stalling all other requests; it should use an async/non-blocking database call instead.","Since Node.js is single-threaded for JS execution, any synchronous blocking call in a request handler freezes the server for all concurrent clients until it completes."
"349de15d-490f-44a8-8bed-6148ede6fa73","Node.js","intermediate","mcq","What is middleware in the context of Express.js?","[""Functions that execute during the request-response cycle, with access to req, res, and next"", ""A database connection pool"", ""A templating engine"", ""A build tool for bundling assets""]","Functions that execute during the request-response cycle, with access to req, res, and next","Middleware functions can modify requests/responses, end the cycle, or call next() to pass control to the next handler in the chain."
"ed219544-3b39-4295-9fe0-8603a495343f","Node.js","intermediate","text","What is the difference between process.nextTick(), Promise microtasks, and setImmediate() in Node.js's event loop?","","process.nextTick() callbacks run before Promise microtasks, both of which run before the event loop proceeds to the next phase; setImmediate() runs in the 'check' phase, generally after I/O callbacks, distinct from timers like setTimeout(fn, 0).","Node.js processes the nextTick queue first, then microtasks, then continues the event loop phases (timers, I/O, check/setImmediate), giving each mechanism different scheduling priority."
"e922cc58-c45f-4db5-b853-a7efcd5b9de7","Node.js","intermediate","mcq","What is the purpose of environment variables (e.g., via dotenv) in a Node.js app?","[""Storing configuration/secrets outside source code, varying per environment"", ""Compiling the application faster"", ""Formatting console output"", ""Managing npm package versions""]","Storing configuration/secrets outside source code, varying per environment","Environment variables let apps configure behavior (API keys, DB URLs) differently across dev/staging/production without hardcoding values."
"1de88441-3983-42e0-bfda-3291cd46ead5","Node.js","intermediate","code","What bug exists in this async error handling?
app.get('/data', async (req, res) => {
  const data = await fetchData();
  res.json(data);
});","","If fetchData() rejects, the unhandled promise rejection isn't caught by Express automatically (in Express 4), potentially crashing the app or hanging the request; wrap in try/catch and call next(err), or use an async error-handling wrapper.","Express 4 does not automatically catch errors thrown inside async route handlers, so unhandled rejections bypass Express's error-handling middleware unless explicitly caught."
"ab5efd0e-95c8-4870-b39b-005c73ff8770","Node.js","intermediate","mcq","What does npm's package-lock.json file ensure?","[""Exact, reproducible dependency versions (including transitive deps) across installs"", ""Faster runtime execution"", ""Automatic security patching"", ""Smaller node_modules size""]","Exact, reproducible dependency versions (including transitive deps) across installs","The lock file pins exact resolved versions of the entire dependency tree, ensuring consistent installs across machines and CI."
"bedc8d1d-7618-4079-b7f7-44948cac220c","Node.js","advanced","text","Explain how Node.js handles CPU-bound tasks and why they can be problematic, and describe a mitigation.","","CPU-bound synchronous work blocks the single event loop thread, delaying all other pending callbacks/requests; mitigations include offloading to worker_threads, child processes, or external services so the event loop remains free to handle I/O.","Node.js excels at I/O-bound concurrency but a long-running synchronous computation monopolizes the sole JS thread, unlike I/O which is delegated to libuv's thread pool or OS."
"3379de23-b2ee-4216-b643-c187cf699794","Node.js","advanced","code","What is the potential issue with this stream usage?
const readStream = fs.createReadStream('big.txt');
const writeStream = fs.createWriteStream('out.txt');
readStream.on('data', chunk => writeStream.write(chunk));","","It ignores backpressure: if writeStream.write() returns false (buffer full), the code keeps pushing data without pausing, causing excessive memory buildup; should use readStream.pipe(writeStream) or manually pause/resume based on the write() return value.","Manually piping data without respecting backpressure signals can overwhelm the destination stream's internal buffer, leading to unbounded memory growth."
"b9c156cb-a356-497a-a171-ea897cf46fb0","Node.js","advanced","mcq","What is the purpose of the libuv library in Node.js's architecture?","[""Provides the event loop and a thread pool for async I/O operations across platforms"", ""Parses JavaScript syntax"", ""Compiles TypeScript to JavaScript"", ""Manages npm package downloads""]","Provides the event loop and a thread pool for async I/O operations across platforms","libuv abstracts platform-specific async I/O and provides the event loop plus a thread pool for operations like file system access that lack native async OS APIs."
"096e9256-fe45-45e3-bab4-9361237270d3","Node.js","advanced","mcq","What is a common cause of memory leaks in long-running Node.js server processes?","[""Unbounded caches, retained closures, or event listeners never removed"", ""Using async/await instead of callbacks"", ""Using const instead of let"", ""Running on a single core""]","Unbounded caches, retained closures, or event listeners never removed","References that are never released (global caches, forgotten listeners, closures capturing large objects) prevent garbage collection, gradually increasing memory usage over the process lifetime."
"974a7390-a333-4299-81ae-4784e7bd4a58","Node.js","advanced","text","What is clustering in Node.js, and why is it used?","","The cluster module allows spawning multiple Node.js worker processes (one per CPU core typically) that share the same server port, enabling the app to utilize multiple CPU cores since a single Node process only uses one.","Since a single Node.js process runs JS on one thread/core, clustering forks multiple processes to scale CPU utilization across cores for handling concurrent load."
"cd5b6ac1-9224-4a00-8aeb-f0bddddc1392","Node.js","advanced","code","Why can this code cause an unhandled promise rejection crash in newer Node versions?
async function run() {
  throw new Error('fail');
}
run();","","Calling run() without .catch() or awaiting it leaves the rejected promise unhandled; since Node.js 15+, unhandled promise rejections terminate the process by default instead of just warning.","Node changed its default behavior so that unhandled rejections crash the process (matching uncaught exception behavior), making explicit rejection handling more important."
"bfe23d1f-14f6-4c6f-b78f-c7e6dc8e13e5","Node.js","intermediate","mcq","What is the purpose of the EventEmitter class in Node.js?","[""To implement the publish-subscribe pattern for custom events within an application"", ""To manage HTTP requests only"", ""To handle file system operations"", ""To compile TypeScript code""]","To implement the publish-subscribe pattern for custom events within an application","EventEmitter lets objects emit named events that other parts of the code can listen for and react to, underlying many core Node.js APIs like streams and servers."
"2cc29952-411a-4b1d-b4cb-fc23499ba53e","Docker / Kubernetes","beginner","mcq","What is a Docker container?","[""A lightweight, isolated runtime environment packaging an application and its dependencies"", ""A full virtual machine with its own OS kernel"", ""A cloud storage bucket"", ""A version control system""]","A lightweight, isolated runtime environment packaging an application and its dependencies","Containers share the host OS kernel but isolate processes, filesystem, and dependencies, making them lighter than full VMs."
"b017053d-6ef2-4fd5-ae5b-b71e12de23eb","Docker / Kubernetes","beginner","mcq","What file defines how a Docker image is built?","[""Dockerfile"", ""docker-compose.yml"", ""image.json"", ""build.sh""]","Dockerfile","A Dockerfile contains a sequence of instructions (FROM, RUN, COPY, etc.) that define how to build a Docker image."
"928b679a-22fb-4af5-8a2a-7c22f1d85e52","Docker / Kubernetes","beginner","mcq","What is the difference between a Docker image and a container?","[""An image is a static template; a container is a running instance of that image"", ""They are the same thing"", ""A container builds images"", ""An image can only run once""]","An image is a static template; a container is a running instance of that image","Images are read-only blueprints, while containers are live, running (or stopped) instances created from them."
"b136cdf3-5d0b-48de-b1fc-94c1123cb9cb","Docker / Kubernetes","beginner","text","What is Kubernetes used for?","","Kubernetes is a container orchestration platform that automates deployment, scaling, networking, and management of containerized applications across a cluster of machines.","It handles scheduling containers onto nodes, self-healing, load balancing, and scaling, beyond what a single Docker host can manage."
"67468f76-4aa6-4e34-b923-1fc273f0d7a4","Docker / Kubernetes","beginner","mcq","What is the smallest deployable unit in Kubernetes?","[""Pod"", ""Container"", ""Node"", ""Cluster""]","Pod","A Pod wraps one or more tightly coupled containers that share networking and storage, and is the atomic unit Kubernetes schedules."
"08d9b006-76a7-4ed4-a1b5-3f0e389ef073","Docker / Kubernetes","beginner","mcq","Which command lists all running Docker containers?","[""docker ps"", ""docker list"", ""docker containers"", ""docker show""]","docker ps","docker ps lists currently running containers; docker ps -a shows all containers including stopped ones."
"41254500-a7b3-41c9-ae74-45997f16e85b","Docker / Kubernetes","beginner","mcq","What does the EXPOSE instruction do in a Dockerfile?","[""Documents which port the container listens on (informational, doesn't publish it)"", ""Publishes the port to the host automatically"", ""Opens a firewall port"", ""Starts the application""]","Documents which port the container listens on (informational, doesn't publish it)","EXPOSE is metadata for documentation and inter-container linking; actually publishing a port to the host requires the -p flag on 'docker run'."
"a0e895e4-3220-4390-9a65-43c9c34a1a12","Docker / Kubernetes","intermediate","code","Why is this Dockerfile inefficient for build caching?
FROM node:18
COPY . .
RUN npm install
CMD [""node"", ""index.js""]","","Copying all source files before installing dependencies invalidates the npm install cache layer on every code change; copy package.json and package-lock.json first, run npm install, then copy the rest of the source.","Docker caches layers based on prior layer content; since COPY . . changes whenever any file changes, the subsequent RUN npm install layer is rebuilt every time instead of reusing the cache."
"ca7d7647-8903-4442-9ba9-a6cd75d8ef3c","Docker / Kubernetes","intermediate","mcq","What is the purpose of a Kubernetes Deployment resource?","[""Manages a set of replica Pods, handling rollouts, rollbacks, and scaling declaratively"", ""Exposes Pods to external traffic only"", ""Stores persistent data"", ""Defines cluster-wide networking policy""]","Manages a set of replica Pods, handling rollouts, rollbacks, and scaling declaratively","Deployments declare a desired state (replica count, image version) and the controller reconciles the actual cluster state to match it, supporting rolling updates."
"66903acd-bb66-4630-a7b2-4fdeac64a79a","Docker / Kubernetes","intermediate","mcq","What does a Kubernetes Service do?","[""Provides a stable network endpoint to route traffic to a dynamic set of Pods"", ""Builds container images"", ""Schedules Pods to nodes"", ""Stores configuration secrets""]","Provides a stable network endpoint to route traffic to a dynamic set of Pods","Since Pods are ephemeral and get new IPs when recreated, a Service provides a stable virtual IP/DNS name and load-balances across matching Pods."
"75bf5eed-2e2b-4429-98ed-ddcf83c43436","Docker / Kubernetes","intermediate","text","What is the difference between a Docker volume and a bind mount?","","A volume is managed by Docker and stored in Docker's own storage area, portable and easier to back up; a bind mount maps a specific host filesystem path directly into the container, tightly coupling it to the host's directory structure.","Volumes are the recommended, Docker-managed persistence mechanism, while bind mounts offer direct host access useful mainly for local development."
"8cd11bc5-5a1b-42ab-a33a-016545ba74f9","Docker / Kubernetes","intermediate","mcq","What is the purpose of a multi-stage build in Docker?","[""To reduce final image size by discarding build-time dependencies from the final image"", ""To run multiple containers simultaneously"", ""To build images for multiple architectures only"", ""To speed up container startup time""]","To reduce final image size by discarding build-time dependencies from the final image","Multi-stage builds compile/build in one stage and copy only the needed artifacts into a lean final stage, excluding compilers and build tools from the shipped image."
"81cfa39c-4723-4441-ae2a-c2388a7358da","Docker / Kubernetes","intermediate","mcq","What Kubernetes object is used to store sensitive data like passwords or API keys?","[""Secret"", ""ConfigMap"", ""Deployment"", ""Namespace""]","Secret","Secrets store sensitive data separately from application code, base64-encoded (and optionally encrypted at rest), distinct from ConfigMaps used for non-sensitive config."
"bbe1f4c3-3b5e-4ac5-937e-32cd1b32508b","Docker / Kubernetes","advanced","text","Explain the difference between liveness probes and readiness probes in Kubernetes.","","A liveness probe checks if a container is still running correctly; if it fails, Kubernetes restarts the container. A readiness probe checks if a container is ready to accept traffic; if it fails, the Pod is removed from Service endpoints but not restarted.","Liveness probes handle recovering deadlocked/crashed containers, while readiness probes prevent routing traffic to Pods that are temporarily unable to serve requests (e.g., during startup or overload)."
"078e173a-8fd3-4c8a-9355-90264ef0e0f5","Docker / Kubernetes","advanced","mcq","What is the role of the Kubernetes scheduler?","[""Assigns newly created Pods to appropriate nodes based on resource requirements and constraints"", ""Builds container images"", ""Manages DNS resolution within the cluster"", ""Handles Secret encryption""]","Assigns newly created Pods to appropriate nodes based on resource requirements and constraints","The scheduler watches for unscheduled Pods and selects a suitable node considering resource availability, affinity rules, and taints/tolerations."
"ad9fa977-98fa-4edf-b1dc-e5015504c9ed","Docker / Kubernetes","advanced","code","This container keeps getting OOMKilled. What is the likely cause given this manifest snippet?
resources:
  limits:
    memory: ""128Mi""
  requests:
    memory: ""64Mi""","","The application's actual memory usage exceeds the 128Mi hard limit, so the kernel OOM-killer terminates the container; the fix is to profile memory usage and raise the limit or optimize the app's memory footprint.","Kubernetes enforces memory limits strictly by killing containers that exceed them, unlike CPU limits which throttle rather than kill."
"11b3dd2e-9c8b-47d2-94ce-bda15690c29b","Docker / Kubernetes","advanced","mcq","What is the purpose of a Kubernetes StatefulSet compared to a Deployment?","[""Provides stable network identities and persistent storage for stateful applications like databases"", ""Runs stateless web servers more efficiently"", ""Automatically scales based on CPU only"", ""Replaces the need for Services""]","Provides stable network identities and persistent storage for stateful applications like databases","StatefulSets assign stable, ordered pod names and persistent volume claims, essential for stateful workloads needing consistent identity across restarts, unlike Deployments' interchangeable Pods."
"ba0dec91-55f6-406f-8d5c-a734b6100ab4","Docker / Kubernetes","advanced","text","What are container image layers and how does layer caching improve build and pull performance?","","Each Dockerfile instruction typically creates a new immutable layer; unchanged layers are cached and reused across builds, and layers shared between images only need to be downloaded once, reducing build time and network/storage usage.","Docker's union filesystem stacks layers, allowing reuse of identical layers across images and skipping rebuilding/re-pulling layers that haven't changed."
"55761e93-df0b-4684-9132-aa2880bdeb03","Docker / Kubernetes","advanced","mcq","In Kubernetes networking, what does the Container Network Interface (CNI) plugin primarily handle?","[""Assigning IPs to Pods and enabling Pod-to-Pod networking across nodes"", ""Managing container images"", ""Handling DNS caching only"", ""Scheduling Pods to nodes""]","Assigning IPs to Pods and enabling Pod-to-Pod networking across nodes","CNI plugins (e.g., Calico, Flannel) implement the networking layer that gives every Pod a unique IP and connects them across the cluster."
"81d96e0c-d700-4d6b-96f7-972163ee6493","Docker / Kubernetes","advanced","code","Why might running a container as root inside the image be a security concern, and how is it mitigated?","","If an attacker exploits the containerized application, running as root gives them root privileges within the container (and potentially easier container escape); mitigate by specifying a non-root USER in the Dockerfile and setting runAsNonRoot in the Kubernetes pod security context.","Following the principle of least privilege, running containers as a non-root user limits the blast radius of a compromised application."
"e15d8aab-7b83-4d46-a95d-e28f636afc61","CI/CD (Jenkins, GitHub Actions)","beginner","mcq","What does CI stand for in CI/CD?","[""Continuous Integration"", ""Continuous Installation"", ""Code Inspection"", ""Central Infrastructure""]","Continuous Integration","Continuous Integration is the practice of frequently merging code changes into a shared repository, verified by automated builds and tests."
"cd93aaa1-c1bc-4fd8-ba14-bb42c0f74c87","CI/CD (Jenkins, GitHub Actions)","beginner","mcq","What does CD typically stand for in a CI/CD pipeline?","[""Continuous Delivery/Deployment"", ""Continuous Debugging"", ""Code Distribution"", ""Central Deployment""]","Continuous Delivery/Deployment","CD extends CI by automatically preparing (delivery) or directly releasing (deployment) code changes to production or staging environments."
"8e69227a-18b3-4bd6-bcf2-f7614422f007","CI/CD (Jenkins, GitHub Actions)","beginner","mcq","In GitHub Actions, what file format and location defines a workflow?","[""YAML files in .github/workflows/"", ""JSON files in .github/config/"", ""XML files in root directory"", ""Shell scripts in /ci/""]","YAML files in .github/workflows/","GitHub Actions workflows are defined as YAML files placed under the .github/workflows directory of a repository."
"1518274a-3c5c-45d0-9c9e-a56f7d8d9710","CI/CD (Jenkins, GitHub Actions)","beginner","text","What is a build pipeline in the context of CI/CD?","","A pipeline is an automated sequence of stages (e.g., build, test, deploy) that code changes pass through to validate and release software reliably.","Pipelines codify the steps needed to go from source code to a deployable/deployed artifact, running automatically on triggers like commits or pull requests."
"d349a453-cc18-488a-9fb3-45fbd51d33c8","CI/CD (Jenkins, GitHub Actions)","beginner","mcq","What is a Jenkinsfile used for?","[""Defining a Jenkins pipeline as code"", ""Storing Jenkins server credentials"", ""Configuring Jenkins plugins only"", ""Logging build output""]","Defining a Jenkins pipeline as code","A Jenkinsfile (often Groovy-based, declarative or scripted) defines pipeline stages and steps, checked into source control alongside the project."
"ce6db02a-2174-45f6-8fa0-c2f485297edf","CI/CD (Jenkins, GitHub Actions)","beginner","mcq","What triggers a typical CI pipeline run in most systems?","[""Events like a code push or pull request"", ""Only manual button clicks"", ""Only scheduled nightly runs"", ""Only server restarts""]","Events like a code push or pull request","Most CI systems support automatic triggers on push, pull request, or merge events, in addition to manual or scheduled triggers."
"aeb7e3c2-beda-4345-bc41-64c5ea6804db","CI/CD (Jenkins, GitHub Actions)","beginner","mcq","What is the primary benefit of running automated tests in a CI pipeline?","[""Catching bugs and regressions early before code reaches production"", ""Making builds slower but safer"", ""Replacing the need for code review entirely"", ""Automatically fixing bugs""]","Catching bugs and regressions early before code reaches production","Automated testing in CI provides fast, consistent feedback on whether new changes break existing functionality."
"60c46bc0-2824-42dc-883c-8c080e0e18f2","CI/CD (Jenkins, GitHub Actions)","intermediate","code","What does this GitHub Actions workflow trigger on?
on:
  push:
    branches: [main]
  pull_request:
    branches: [main]","","It runs on any push to the main branch and on any pull request targeting the main branch.","The 'on' block specifies event triggers; here both direct pushes to main and PRs targeting main will start the workflow."
"49bba19a-57d3-437b-9a64-7f83c8c51b4b","CI/CD (Jenkins, GitHub Actions)","intermediate","mcq","What is the purpose of caching dependencies in a CI pipeline?","[""Speeding up subsequent builds by reusing previously downloaded dependencies"", ""Encrypting build artifacts"", ""Reducing test flakiness"", ""Automatically deploying to production""]","Speeding up subsequent builds by reusing previously downloaded dependencies","Caching package manager directories (e.g., node_modules, pip cache) avoids re-downloading unchanged dependencies on every run, reducing build time."
"22852b29-a38f-4f74-b131-5351d0a91735","CI/CD (Jenkins, GitHub Actions)","intermediate","text","What is the difference between continuous delivery and continuous deployment?","","Continuous delivery automates the pipeline up to a production-ready state, requiring a manual approval step to release; continuous deployment automatically releases every passing change to production without manual intervention.","The distinction lies in whether a human gate exists before production release, both after automated build/test stages have passed."
"aa59fe9e-db80-486d-9434-dededc28425b","CI/CD (Jenkins, GitHub Actions)","intermediate","mcq","What is a Jenkins agent (or 'node')?","[""A machine/environment where pipeline steps/jobs actually execute"", ""A plugin for GitHub integration"", ""A type of build trigger"", ""The main Jenkins web dashboard""]","A machine/environment where pipeline steps/jobs actually execute","Jenkins agents (workers) run the actual build/test/deploy steps, allowing distributed execution across multiple machines controlled by the Jenkins master/controller."
"a171885f-6a7c-4ec5-9dae-85cad7d62840","CI/CD (Jenkins, GitHub Actions)","intermediate","mcq","What does 'blue-green deployment' refer to?","[""Running two identical production environments and switching traffic between them for zero-downtime releases"", ""Deploying to two different cloud providers simultaneously"", ""A color-coded logging system"", ""A branching strategy in Git""]","Running two identical production environments and switching traffic between them for zero-downtime releases","Blue-green deployment keeps a new version (green) fully ready alongside the current version (blue), then switches traffic instantly, allowing quick rollback if issues arise."
"4a1575d0-ed07-4367-a026-afd046abcb3b","CI/CD (Jenkins, GitHub Actions)","intermediate","code","What issue does this GitHub Actions step have if it prints a secret to logs?
- name: Debug
  run: echo ""Token is ${{ secrets.API_TOKEN }}""","","Even though GitHub automatically masks known secret values in logs, deliberately echoing a secret is a bad practice and can leak it if it's transformed/split (e.g., partially printed); avoid printing secrets directly and use them only within trusted steps/environment variables.","GitHub Actions masks exact secret string matches in logs, but this protection can be bypassed by manipulating the value, so directly echoing secrets is a security anti-pattern."
"1449040d-3849-475a-b8b7-76c15623b385","CI/CD (Jenkins, GitHub Actions)","advanced","text","Explain what a canary deployment is and its advantage over a full rollout.","","A canary deployment gradually rolls out a new version to a small subset of users/servers first, monitoring for errors before progressively increasing exposure; this limits the blast radius of a bad release compared to deploying to 100% of traffic at once.","By exposing only a fraction of traffic initially, canary deployments allow early detection of issues with minimal user impact before a full rollout."
"1de515e3-8000-4440-b0ab-c75c52a845ff","CI/CD (Jenkins, GitHub Actions)","advanced","mcq","What is the main risk of granting a CI/CD pipeline broad, long-lived cloud credentials?","[""A compromised pipeline or dependency could exfiltrate credentials and access production resources broadly"", ""It will make builds run slower"", ""It has no security implications if the repo is private"", ""It only affects local development, not production""]","A compromised pipeline or dependency could exfiltrate credentials and access production resources broadly","CI/CD systems are common attack targets; over-permissioned, long-lived credentials amplify the damage from a supply-chain compromise (e.g., a malicious dependency)."
"9ee9a951-ef40-4e7a-9151-18f239056813","CI/CD (Jenkins, GitHub Actions)","advanced","mcq","What is the purpose of pipeline artifact promotion between environments (e.g., dev to staging to prod)?","[""Ensuring the exact same tested build artifact is deployed across environments, not rebuilt each time"", ""Increasing build time intentionally"", ""Bypassing testing in staging"", ""Only relevant for mobile apps""]","Ensuring the exact same tested build artifact is deployed across environments, not rebuilt each time","Rebuilding per environment risks subtle inconsistencies (dependency drift); promoting the identical artifact guarantees what was tested is exactly what ships to production."
"153b4ff2-b7fe-4820-a910-15512a7d60d4","CI/CD (Jenkins, GitHub Actions)","advanced","text","What is 'pipeline as code' and why is it preferred over configuring CI/CD jobs manually through a UI?","","Pipeline as code defines build/deploy steps in version-controlled files (Jenkinsfile, YAML workflows) alongside the application code, enabling code review, versioning, reuse, and reproducibility, unlike manually configured UI-based jobs which are harder to track and replicate.","Storing pipeline definitions in source control provides auditability, easy rollback of pipeline changes, and consistency across environments/teams."
"d89f9f50-a35c-4230-aa90-a85d697f1ff6","CI/CD (Jenkins, GitHub Actions)","advanced","code","This pipeline stage runs integration tests against a shared staging database and frequently fails due to test data collisions from parallel runs. What is the best fix?","","Isolate test environments per pipeline run (e.g., ephemeral containers/databases, unique schemas/namespaces per run) instead of sharing state across concurrent pipeline executions.","Shared mutable test infrastructure causes flaky, order-dependent failures under parallel execution; isolating resources per run eliminates cross-run interference."
"801f9ee4-7115-4993-b7aa-9fae807815dd","CI/CD (Jenkins, GitHub Actions)","advanced","mcq","What does 'idempotent' mean in the context of deployment scripts/pipelines?","[""Running the script multiple times produces the same end state without unintended side effects"", ""The script can only run once ever"", ""The script always fails on the second run"", ""The script requires manual approval every time""]","Running the script multiple times produces the same end state without unintended side effects","Idempotent deployment scripts can be safely re-run (e.g., after a failure or retry) without duplicating resources or causing inconsistent states."
"29d9d91d-b31e-4e2f-b12a-bbb662a2f25f","CI/CD (Jenkins, GitHub Actions)","intermediate","mcq","What is the purpose of running jobs in parallel (a matrix build) in a CI pipeline?","[""Reducing overall pipeline duration by testing multiple configurations (e.g., OS/versions) simultaneously"", ""Guaranteeing zero test failures"", ""Replacing the need for a test suite"", ""Automatically merging pull requests""]","Reducing overall pipeline duration by testing multiple configurations (e.g., OS/versions) simultaneously","Matrix builds run the same job across a combination of variables (e.g., Node versions, OSes) concurrently, catching compatibility issues faster than sequential runs."
"ff436d86-9dfb-43ad-a6d5-8498052b6fee","REST APIs / GraphQL","beginner","mcq","What does REST stand for?","[""Representational State Transfer"", ""Remote Execution State Transfer"", ""Resource State Transport"", ""Rapid State Transfer""]","Representational State Transfer","REST is an architectural style for designing networked applications using stateless, resource-based HTTP interactions."
"f655d34e-09b9-46ea-9145-f470afb8007b","REST APIs / GraphQL","beginner","mcq","Which HTTP method is typically used to retrieve data without modifying it?","[""GET"", ""POST"", ""PUT"", ""DELETE""]","GET","GET requests are meant to be safe and idempotent, retrieving a resource's representation without side effects."
"e6a038b4-911c-4d0f-ae4c-8f0a8fe95d59","REST APIs / GraphQL","beginner","mcq","What HTTP status code indicates a successful request that created a new resource?","[""201 Created"", ""200 OK"", ""204 No Content"", ""404 Not Found""]","201 Created","201 Created specifically signals that a new resource was successfully created as a result of the request, typically for POST."
"bf7f6bde-3e7a-4fcc-84c0-c84a91be71de","REST APIs / GraphQL","beginner","text","What does it mean for a REST API to be 'stateless'?","","Each request from a client must contain all the information needed to process it; the server does not store any client session state between requests.","Statelessness improves scalability and reliability since any server instance can handle any request without needing shared session data."
"61412857-6791-421b-b918-bb25e10ca9cf","REST APIs / GraphQL","beginner","mcq","What does a 404 HTTP status code mean?","[""Not Found"", ""Unauthorized"", ""Server Error"", ""Bad Request""]","Not Found","404 indicates the requested resource does not exist at the given URL."
"d156b97d-7ad2-47d4-8543-713c096fadb2","REST APIs / GraphQL","beginner","mcq","What format is most commonly used for data exchange in REST APIs today?","[""JSON"", ""XML only"", ""CSV"", ""Plain text only""]","JSON","JSON is the de facto standard for REST API payloads due to its simplicity and native compatibility with JavaScript."
"12eeb225-dda5-4aba-8fad-c0d6ddf30a97","REST APIs / GraphQL","beginner","mcq","What is the purpose of the HTTP 'Authorization' header?","[""To pass credentials or tokens for authenticating the request"", ""To specify the response format"", ""To cache the response"", ""To redirect the request""]","To pass credentials or tokens for authenticating the request","The Authorization header commonly carries a bearer token, API key, or basic auth credentials to identify/authenticate the requester."
"c71eb1f5-5c01-440d-8824-daa81a116cf0","REST APIs / GraphQL","intermediate","text","What is the key architectural difference between REST and GraphQL for fetching data?","","REST exposes fixed endpoints returning predetermined data shapes, often requiring multiple requests for related data; GraphQL exposes a single endpoint where clients specify exactly which fields they need in one query, reducing over-fetching and under-fetching.","GraphQL's client-specified queries let consumers request precisely the data needed, while REST typically returns a fixed structure per endpoint."
"d311c2a2-ce67-4d0c-81af-1ea2228430bf","REST APIs / GraphQL","intermediate","mcq","What does PUT differ from PATCH in REST semantics?","[""PUT replaces the entire resource; PATCH applies a partial update"", ""PUT is read-only; PATCH writes data"", ""They are functionally identical"", ""PATCH always creates a new resource""]","PUT replaces the entire resource; PATCH applies a partial update","PUT is meant to fully replace a resource's representation, while PATCH modifies only the specified fields."
"dc51a66f-2cc9-4343-9cd5-7751c5f3a420","REST APIs / GraphQL","intermediate","mcq","What is 'idempotency' in the context of HTTP methods, and which methods are idempotent?","[""Making the same request multiple times has the same effect as making it once; GET, PUT, DELETE are idempotent"", ""The request always fails after being retried"", ""Only POST is idempotent"", ""Idempotency only applies to database transactions""]","Making the same request multiple times has the same effect as making it once; GET, PUT, DELETE are idempotent","Repeating an idempotent request produces the same server state as a single request, which is important for safe retries; POST is generally not idempotent since it often creates new resources each time."
"e35a17fe-236c-41e8-b028-c706d7626724","REST APIs / GraphQL","intermediate","code","In GraphQL, what problem does this query risk causing on the server?
query {
  users {
    posts {
      comments {
        author { posts { comments { author { name } } } } }
      }
    }
  }
}","","This is a deeply nested query that can trigger the N+1 query problem and excessive resource usage; solutions include using DataLoader for batching, query depth limiting, and complexity analysis.","Without batching/caching resolvers, each nested field can trigger separate database queries per parent object, and deep nesting can be used for denial-of-service style abuse if unlimited."
"b757ed7b-1906-4354-a19f-43f967690fa5","REST APIs / GraphQL","intermediate","mcq","What is HATEOAS in REST API design?","[""Hypermedia As The Engine Of Application State — responses include links guiding clients to related actions/resources"", ""A caching strategy for REST APIs"", ""An authentication protocol"", ""A database indexing technique""]","Hypermedia As The Engine Of Application State — responses include links guiding clients to related actions/resources","HATEOAS is a REST maturity principle where API responses embed hyperlinks so clients can discover available actions dynamically rather than hardcoding URLs."
"26351042-3a6e-44a2-97cc-b9e3c8d2310a","REST APIs / GraphQL","intermediate","text","What is API versioning and name two common strategies for implementing it.","","API versioning manages breaking changes over time; common strategies include URI versioning (e.g., /v1/users) and header-based versioning (e.g., an Accept or custom header specifying the version).","Versioning lets an API evolve without breaking existing clients, whether via distinct URL paths, headers, or query parameters."
"49f73125-c59e-47e0-b950-011391001b5c","REST APIs / GraphQL","advanced","text","Explain the N+1 query problem in the context of GraphQL resolvers and how DataLoader solves it.","","The N+1 problem occurs when resolving a list of N parent objects triggers N additional individual queries to fetch related child data instead of one batched query; DataLoader batches and caches these individual load calls within a single tick, coalescing them into a single query.","DataLoader defers individual .load() calls, collects keys requested in the same event loop tick, and issues one batched request, dramatically reducing database round-trips."
"5ee668ad-899b-4e7e-ad51-6f8ce1bfca3c","REST APIs / GraphQL","advanced","mcq","What is a common security concern specific to GraphQL APIs that is less prevalent in typical REST APIs?","[""Malicious deeply nested or complex queries causing resource exhaustion (query complexity attacks)"", ""SQL injection is impossible in GraphQL"", ""GraphQL cannot use authentication"", ""GraphQL requires no server-side validation""]","Malicious deeply nested or complex queries causing resource exhaustion (query complexity attacks)","Because GraphQL lets clients construct arbitrary query shapes, without depth/complexity limits a client can craft queries that are disproportionately expensive to resolve, unlike REST's fixed endpoint costs."
"a57ffd00-2e8d-448b-9de8-a856b55ebea0","REST APIs / GraphQL","advanced","mcq","What does HTTP caching via ETags primarily enable?","[""Conditional requests that let a client avoid re-downloading unchanged resources"", ""Guaranteed encryption of responses"", ""Automatic API versioning"", ""Preventing all caching""]","Conditional requests that let a client avoid re-downloading unchanged resources","An ETag is a resource version identifier; clients send it via If-None-Match, and the server responds 304 Not Modified if unchanged, saving bandwidth."
"855c1b0c-aafb-4b50-9a96-39935505f8b1","REST APIs / GraphQL","advanced","code","What design flaw exists in this REST endpoint regarding mass assignment?
app.put('/users/:id', (req, res) => {
  User.update(req.body, { where: { id: req.params.id } });
});","","It blindly applies the entire request body to the update, allowing an attacker to set fields they shouldn't control (e.g., isAdmin: true) — a mass assignment vulnerability; the fix is to whitelist allowed fields explicitly.","Without restricting which fields can be updated, a malicious client can inject unexpected properties into the update payload, potentially escalating privileges or corrupting data."
"9eb0d065-6807-4c28-ac81-de5f03d7d0b2","REST APIs / GraphQL","advanced","text","What are GraphQL subscriptions and what transport mechanism do they typically use?","","Subscriptions allow clients to receive real-time updates when specific server-side events occur, typically implemented over WebSockets (or Server-Sent Events) rather than the standard request-response HTTP pattern used for queries and mutations.","Because updates need to be pushed asynchronously to clients, subscriptions require a persistent connection like WebSockets rather than one-off HTTP requests."
"13d239b2-064d-489d-b134-3274e0acae14","REST APIs / GraphQL","advanced","mcq","What is the primary trade-off of GraphQL's flexible querying compared to REST's fixed endpoints regarding caching?","[""GraphQL is harder to cache with standard HTTP caching due to varying query shapes on a single endpoint"", ""GraphQL caches automatically better than REST"", ""REST cannot be cached at all"", ""There is no caching difference between them""]","GraphQL is harder to cache with standard HTTP caching due to varying query shapes on a single endpoint","Since GraphQL typically uses a single POST endpoint with varying query bodies, standard URL-based HTTP caching (which works well for REST's distinct resource URLs) doesn't apply directly, requiring custom caching solutions."
"60e8a333-05eb-4214-9d7c-b4b77804fa23","REST APIs / GraphQL","beginner","mcq","What does a 401 HTTP status code indicate?","[""Unauthorized — authentication is required or has failed"", ""Not Found"", ""Server Error"", ""Successful request""]","Unauthorized — authentication is required or has failed","401 signals that the request lacks valid authentication credentials for the target resource."
"dc7c7f0a-8b1a-4e31-b1cf-7a95bc13e203","Deep Learning / NLP","beginner","mcq","What is a neural network's 'activation function' used for?","[""Introducing non-linearity so the network can model complex patterns"", ""Initializing the weights"", ""Storing training data"", ""Compressing the model size""]","Introducing non-linearity so the network can model complex patterns","Without non-linear activation functions, stacking layers would collapse into an equivalent single linear transformation, limiting model expressiveness."
"62700e10-01ba-4111-9d7d-bea3b782cc8e","Deep Learning / NLP","beginner","mcq","What does 'tokenization' mean in NLP?","[""Splitting text into smaller units like words or subwords for processing"", ""Encrypting text data"", ""Translating text between languages"", ""Removing all punctuation permanently""]","Splitting text into smaller units like words or subwords for processing","Tokenization breaks raw text into discrete units (tokens) that models can process, such as words, subwords, or characters."
"2aa86663-6420-4855-a098-8bb8437af80f","Deep Learning / NLP","beginner","mcq","What is a word embedding?","[""A dense vector representation of a word capturing semantic meaning"", ""A one-hot encoded sparse vector only"", ""A hash of the word string"", ""A dictionary lookup table of synonyms""]","A dense vector representation of a word capturing semantic meaning","Embeddings map words to continuous vector spaces where semantically similar words are positioned closer together."
"99187214-38c8-45d6-9019-d2bdddce73b3","Deep Learning / NLP","beginner","text","What is the difference between a neuron's weights and its bias in a neural network layer?","","Weights scale the importance of each input to a neuron, while the bias is an additional learnable constant added to the weighted sum, allowing the activation to shift independent of the inputs.","The bias lets the neuron's decision boundary shift even when all inputs are zero, adding flexibility beyond what weights alone allow."
"d0a3654f-6d56-4fdf-88dc-02c4b59daec7","Deep Learning / NLP","beginner","mcq","What does CNN stand for in deep learning, and what is it primarily used for?","[""Convolutional Neural Network, used primarily for image/spatial data"", ""Central Neural Network, used for tabular data"", ""Continuous Neural Network, used for text"", ""Convolutional Node Network, used for graphs""]","Convolutional Neural Network, used primarily for image/spatial data","CNNs use convolutional filters to detect spatial hierarchies of features, making them well-suited for image and grid-like data."
"cb7eb4a2-a8c5-43b0-9be8-c2536e649d67","Deep Learning / NLP","beginner","mcq","What is the purpose of the softmax function, commonly used in the output layer of classification networks?","[""Converts raw scores (logits) into a probability distribution over classes"", ""Removes negative values from the output"", ""Combines multiple models into one"", ""Reduces the number of output classes""]","Converts raw scores (logits) into a probability distribution over classes","Softmax exponentiates and normalizes logits so they sum to 1, interpretable as class probabilities."
"fc99bd9b-8f37-4983-8cad-b496b56da2b8","Deep Learning / NLP","beginner","mcq","What does 'training epoch' mean in deep learning?","[""One complete pass through the entire training dataset"", ""One single gradient update step"", ""The final trained model"", ""The number of layers in the network""]","One complete pass through the entire training dataset","An epoch represents one full cycle where the model has seen every training example once (possibly across multiple mini-batches)."
"b31260e0-73be-4186-b699-5635cd352219","Deep Learning / NLP","intermediate","text","What is backpropagation and how does it relate to gradient descent?","","Backpropagation efficiently computes the gradient of the loss function with respect to each weight using the chain rule, propagating error backward through the network; gradient descent then uses these gradients to update the weights to minimize loss.","Backpropagation is the algorithm for computing gradients efficiently in a computational graph, which gradient descent (or its variants) then uses to iteratively adjust weights."
"6b17567d-873a-49a1-9c6c-ff870ada96a9","Deep Learning / NLP","intermediate","mcq","What problem does Batch Normalization primarily help address in deep networks?","[""Internal covariate shift, stabilizing and speeding up training"", ""Overfitting on small datasets specifically"", ""Vanishing gradients in RNNs only"", ""Reducing the number of parameters""]","Internal covariate shift, stabilizing and speeding up training","Batch Normalization normalizes layer inputs during training, reducing shifts in the distribution of activations and allowing higher learning rates and faster convergence."
"023f9ddf-2946-472a-b966-fefeba18da80","Deep Learning / NLP","intermediate","mcq","What is the main advantage of LSTM (Long Short-Term Memory) networks over vanilla RNNs?","[""Better handling of long-range dependencies via gating mechanisms that mitigate vanishing gradients"", ""Faster training on all hardware"", ""No need for backpropagation"", ""They eliminate the need for embeddings""]","Better handling of long-range dependencies via gating mechanisms that mitigate vanishing gradients","LSTM's input/forget/output gates regulate information flow through the cell state, allowing gradients to flow better across many time steps than plain RNNs."
"0a435dd5-6309-48c0-98de-5f8aeec33111","Deep Learning / NLP","intermediate","text","What is transfer learning and why is it valuable in deep learning?","","Transfer learning reuses a model pretrained on a large dataset/task and fine-tunes it for a new, often smaller, related task, saving training time and data requirements compared to training from scratch.","Pretrained models have already learned general features (e.g., edges in images, language structure in text) transferable to new tasks with limited labeled data."
"53712150-c8df-44d0-a5fd-329f44846cc9","Deep Learning / NLP","intermediate","mcq","What is the purpose of the attention mechanism in sequence models?","[""Allows the model to dynamically focus on relevant parts of the input when producing each output"", ""Reduces the vocabulary size"", ""Compresses the model for deployment"", ""Prevents overfitting directly""]","Allows the model to dynamically focus on relevant parts of the input when producing each output","Attention computes weighted relevance scores over input elements, letting the model attend more to important context regardless of sequence position."
"364a350c-d83f-460d-9eb5-39300769a768","Deep Learning / NLP","intermediate","code","What is the likely issue if training loss decreases steadily but validation loss starts increasing after several epochs?","","The model is overfitting to the training data; mitigations include early stopping, regularization (dropout, weight decay), or more training data/augmentation.","A widening gap between training and validation loss is the classic signature of overfitting, where the model memorizes training-specific noise rather than generalizable patterns."
"d5a44930-e75c-4285-b00d-8075917f38b8","Deep Learning / NLP","advanced","text","Explain the Transformer architecture's key innovation compared to RNNs for sequence modeling.","","Transformers rely entirely on self-attention (with positional encodings) instead of recurrence, allowing all tokens in a sequence to be processed in parallel and to directly attend to any other token, improving training speed and capturing long-range dependencies better than sequential RNNs.","Removing recurrence enables full parallelization across sequence positions during training, a major advantage over RNNs which must process tokens sequentially."
"07a48755-e86c-4523-9e86-08267b7a4607","Deep Learning / NLP","advanced","mcq","What is the purpose of positional encoding in Transformer models?","[""Injects information about token order/position since self-attention is otherwise permutation-invariant"", ""Encrypts the input tokens"", ""Reduces the vocabulary size"", ""Determines the number of attention heads""]","Injects information about token order/position since self-attention is otherwise permutation-invariant","Self-attention has no inherent notion of sequence order, so positional encodings are added to embeddings to give the model information about token positions."
"52467781-a9da-464b-a57e-038b067c7e6f","Deep Learning / NLP","advanced","mcq","What does 'catastrophic forgetting' refer to in the context of neural network training?","[""A model losing previously learned knowledge when trained on new tasks/data sequentially"", ""A model failing to converge at all"", ""Gradients becoming NaN during training"", ""The model overfitting on a validation set""]","A model losing previously learned knowledge when trained on new tasks/data sequentially","When fine-tuned sequentially on new data/tasks without care, neural networks can overwrite weights important for earlier tasks, degrading prior performance."
"8c07382e-21f9-4e20-b359-b1d2c0ad4ec3","Deep Learning / NLP","advanced","text","What is the difference between BERT-style (encoder-only) and GPT-style (decoder-only) Transformer models in terms of training objective and typical use case?","","BERT is trained with a masked language modeling objective (predicting masked tokens using bidirectional context), suited for understanding tasks like classification; GPT is trained autoregressively (predicting the next token left-to-right), suited for generative tasks like text completion.","The bidirectional vs. autoregressive training objectives shape what each architecture is naturally good at: understanding full context (BERT) versus generating coherent continuations (GPT)."
"73118606-7afd-466f-9c19-e6495ac90501","Deep Learning / NLP","advanced","mcq","What is a key risk of using perplexity alone to evaluate a language model's quality for real-world use?","[""Low perplexity doesn't guarantee outputs are factually accurate, coherent, or aligned with user intent"", ""Perplexity cannot be computed for any model"", ""Perplexity always equals accuracy"", ""Perplexity only applies to image models""]","Low perplexity doesn't guarantee outputs are factually accurate, coherent, or aligned with user intent","Perplexity measures how well a model predicts held-out text statistically, but says nothing directly about correctness, safety, or usefulness of generated content for downstream tasks."
"72727718-7d33-4b7d-9c22-be77e43c899f","Deep Learning / NLP","advanced","code","In a Transformer, why is the attention score typically divided by sqrt(d_k) before the softmax?","","Scaling by sqrt(d_k) prevents the dot products from growing too large in magnitude as dimensionality increases, which would push the softmax into regions with extremely small gradients.","Without scaling, large dot-product magnitudes saturate the softmax, causing vanishing gradients and unstable training; dividing by sqrt(d_k) keeps values in a reasonable range."
"96f1be29-2f11-4db7-8f6f-97de7c3916c4","Deep Learning / NLP","advanced","text","What is model quantization and why is it used for deploying deep learning models?","","Quantization reduces the numerical precision of model weights/activations (e.g., from 32-bit floats to 8-bit integers), shrinking model size and speeding up inference, especially on resource-constrained devices, at a potential small cost to accuracy.","Lower-precision arithmetic requires less memory and compute, enabling faster and cheaper inference, which matters for edge deployment and cost-sensitive serving."
"b80b4646-b85d-4f38-9c88-06d481886f6c","Data Visualization (Tableau)","beginner","mcq","What is Tableau primarily used for?","[""Interactive data visualization and business intelligence dashboards"", ""Writing backend APIs"", ""Managing version control"", ""Compiling source code""]","Interactive data visualization and business intelligence dashboards","Tableau connects to data sources and enables drag-and-drop creation of interactive charts, dashboards, and stories."
"99342a4f-787d-4148-ac39-028a6d417fc3","Data Visualization (Tableau)","beginner","mcq","In Tableau, what is the difference between a 'dimension' and a 'measure'?","[""Dimensions are typically categorical/qualitative fields; measures are typically numeric/quantitative fields that can be aggregated"", ""Dimensions are always numbers; measures are always text"", ""There is no meaningful difference"", ""Measures cannot be dragged onto a view""]","Dimensions are typically categorical/qualitative fields; measures are typically numeric/quantitative fields that can be aggregated","Tableau auto-classifies fields as dimensions (e.g., category, region) or measures (e.g., sales, profit) based on data type, which determines default aggregation behavior."
"6f54fdd8-881e-4927-b6ee-b4894579b099","Data Visualization (Tableau)","beginner","mcq","What is a Tableau 'worksheet'?","[""A single view/chart built from data fields"", ""A collection of multiple dashboards"", ""A raw data table only"", ""A saved file format""]","A single view/chart built from data fields","Worksheets are individual visualizations that can then be combined into dashboards or stories."
"c46d477b-6b97-48d0-a7a4-440edcf96ae4","Data Visualization (Tableau)","beginner","text","What is the purpose of a dashboard in Tableau or similar BI tools?","","A dashboard combines multiple visualizations/worksheets into a single interactive view, allowing users to explore related metrics and insights together.","Dashboards let stakeholders see multiple related visuals at once, often with shared filters/interactivity across the combined views."
"1cda511a-b3b7-4163-8296-e50c2522c94b","Data Visualization (Tableau)","beginner","mcq","Which chart type is best suited for showing trends over time?","[""Line chart"", ""Pie chart"", ""Scatter plot"", ""Bar chart only""]","Line chart","Line charts effectively show continuous change over an ordered dimension like time, making trends easy to perceive."
"7c5b9fd0-df4b-4c96-b73e-5302f2adc959","Data Visualization (Tableau)","beginner","mcq","What does dragging a field onto the 'Filters' shelf in Tableau do?","[""Restricts the data shown in the view based on that field's values"", ""Colors marks by that field"", ""Sorts the data by that field"", ""Removes the field from the dataset permanently""]","Restricts the data shown in the view based on that field's values","The Filters shelf lets you include/exclude data based on conditions applied to the dragged field, controlling what appears in the visualization."
"cf01465d-879a-4209-9cff-8d63b867bc62","Data Visualization (Tableau)","beginner","mcq","What is the main purpose of using color in a data visualization?","[""To encode an additional data dimension or highlight categories/values"", ""To make the chart look decorative only"", ""To replace the need for axis labels"", ""To always indicate positive versus negative values""]","To encode an additional data dimension or highlight categories/values","Color is a visual encoding channel that can represent categorical groups or a quantitative scale, adding another dimension of information to a chart."
"0984cf31-07ec-41e8-a668-98897bf25923","Data Visualization (Tableau)","intermediate","text","What is the difference between a Tableau extract and a live connection?","","An extract is a saved, compressed snapshot of the data stored in Tableau's own fast in-memory engine (requiring periodic refresh); a live connection queries the source database directly in real time, always reflecting current data but depending on source performance.","Extracts trade data freshness for performance and offline availability, while live connections trade performance for real-time accuracy."
"c07660d6-1b0f-4f10-8755-306066609b6f","Data Visualization (Tableau)","intermediate","mcq","What is a calculated field in Tableau used for?","[""Creating a new field derived from existing data using formulas/expressions"", ""Filtering the underlying data source permanently"", ""Connecting to a new data source"", ""Exporting a worksheet to PDF""]","Creating a new field derived from existing data using formulas/expressions","Calculated fields let users define custom metrics, categorizations, or transformations not directly present in the source data."
"e2d6b41a-9b13-4883-ad5e-6530bae15a4b","Data Visualization (Tableau)","intermediate","mcq","What does a dual-axis chart in Tableau allow you to do?","[""Compare two measures with different scales on the same view using two separate y-axes"", ""Show two different dimensions on the x-axis simultaneously"", ""Merge two data sources automatically"", ""Display two dashboards side by side""]","Compare two measures with different scales on the same view using two separate y-axes","Dual-axis charts overlay two measures (e.g., sales and profit) each with their own axis scale, useful for comparing trends despite differing magnitudes."
"648fe236-b7b0-45ce-8231-3764ac09ac1e","Data Visualization (Tableau)","intermediate","text","What is a common mistake when choosing a pie chart for data visualization, and what alternative is often better?","","Pie charts are hard to compare accurately when there are many categories or similar-sized slices since humans struggle to judge angles/areas precisely; a bar chart is usually a clearer alternative for comparing category values.","Bar charts leverage length, which humans perceive more accurately than angle or area, making comparisons across categories easier and less error-prone than pie charts."
"207d3f3a-7bd1-4587-97bf-5047c48e192d","Data Visualization (Tableau)","intermediate","mcq","What is the purpose of using a 'parameter' in Tableau?","[""A user-controlled, dynamic input value that can drive calculations, filters, or reference lines"", ""A static field imported from the data source"", ""A fixed dashboard title"", ""A way to hide certain worksheets""]","A user-controlled, dynamic input value that can drive calculations, filters, or reference lines","Parameters let end users interactively adjust values (e.g., a threshold or top-N count) that dynamically affect calculated fields or views."
"d0471e5c-1da4-40a2-8927-cb89369c7b6b","Data Visualization (Tableau)","advanced","text","Explain the difference between table calculations and standard aggregate calculations in Tableau.","","Standard aggregate calculations (e.g., SUM, AVG) operate on the underlying data rows before rendering; table calculations (e.g., running total, percent of total, rank) operate on the aggregated results already displayed in the view, depending on the view's structure (partitioning/addressing).","Table calculations are computed post-aggregation based on the visible table's layout, which is why their results can change if the view's dimensions or sort order change, unlike row-level aggregate calculations."
"2f33e361-f981-41f3-a37c-5325806ceec8","Data Visualization (Tableau)","advanced","mcq","What is the primary performance consideration when using a live connection to a very large database in Tableau for interactive dashboards?","[""Query latency scales with data volume and source performance, potentially making the dashboard feel slow"", ""Live connections are always faster than extracts"", ""Live connections never require indexes"", ""Live connections cache all data locally automatically""]","Query latency scales with data volume and source performance, potentially making the dashboard feel slow","Every interaction on a live-connected dashboard can trigger a new query to the source database, so poor source performance or huge tables directly impact dashboard responsiveness."
"af7c1dd7-fb28-413d-b828-c8e65b2103b3","Data Visualization (Tableau)","advanced","text","What is the principle of 'data-ink ratio' (Tufte) and how does it apply to dashboard design?","","Data-ink ratio is the proportion of a visualization's ink/pixels devoted to conveying actual data versus decoration; maximizing it means minimizing chartjunk (excess gridlines, borders, 3D effects) so the visualization communicates information as clearly and efficiently as possible.","Reducing non-essential visual elements helps viewers focus on the actual data patterns rather than being distracted by decorative clutter."
"895b63c2-1281-410d-961f-f10648d8d114","Data Visualization (Tableau)","advanced","mcq","What is the risk of using a truncated (non-zero-based) y-axis in a bar chart?","[""It can visually exaggerate differences between values, misleading viewers"", ""It always improves readability with no downsides"", ""It has no effect on interpretation"", ""It is required for all Tableau bar charts""]","It can visually exaggerate differences between values, misleading viewers","Bar length is perceived proportionally to value, so starting the axis above zero distorts the visual comparison, making small differences appear disproportionately large."
"8dca40f1-f454-45da-a24e-160f47b65efa","Data Visualization (Tableau)","advanced","mcq","What does 'LOD' (Level of Detail) expressions in Tableau allow you to compute?","[""Aggregations at a different granularity than the view's current level of detail"", ""The physical file size of the workbook"", ""The number of dashboard tabs"", ""Data source connection latency""]","Aggregations at a different granularity than the view's current level of detail","FIXED, INCLUDE, and EXCLUDE LOD expressions let you compute aggregates independent of (or partially independent of) the dimensions currently placed in the view, useful for comparisons like 'percent of category total'."
"6aa5cd6c-aa72-4d83-888c-47e20dd4628b","Data Visualization (Tableau)","advanced","text","Why is choosing an appropriate color palette (sequential vs diverging vs categorical) important in data visualization design?","","Sequential palettes suit ordered data with one direction of magnitude (e.g., low to high), diverging palettes suit data with a meaningful midpoint (e.g., negative to positive), and categorical palettes suit unordered distinct groups; using the wrong type can mislead viewers about data relationships or make patterns harder to perceive.","Mismatching palette type to data structure (e.g., using a categorical rainbow palette for continuous ordered data) obscures the natural ordering or relationships, degrading interpretability."
"fac9eded-c569-4c93-961e-8b42c58b7ac6","Data Visualization (Tableau)","beginner","mcq","What Tableau feature lets you combine multiple worksheets into a single interactive presentation with narrative flow?","[""Story"", ""Dashboard"", ""Extract"", ""Data Source page""]","Story","A Tableau Story sequences multiple worksheets/dashboards into a guided narrative, each 'story point' highlighting a specific insight."
"6e80e730-9805-48a3-8e75-ea45d348b852","Data Visualization (Tableau)","intermediate","mcq","What does a 'heat map' visualization typically encode using color intensity?","[""The magnitude of a value across two categorical dimensions"", ""Exact geographic coordinates only"", ""The order in which data was entered"", ""The name of the data source""]","The magnitude of a value across two categorical dimensions","Heat maps use color intensity/hue to represent a quantitative value across a grid of two categorical axes, making patterns and outliers easy to spot."
"4ed1d6e3-0141-443e-92f4-5dc398dae79f","Linux / Shell Scripting","beginner","mcq","Which command lists files and directories in the current directory?","[""ls"", ""dir"", ""list"", ""show""]","ls","ls is the standard Unix/Linux command for listing directory contents."
"17ed2fb8-1cdb-4440-a49d-911d42993edf","Linux / Shell Scripting","beginner","mcq","Which command changes file permissions in Linux?","[""chmod"", ""chperm"", ""permit"", ""access""]","chmod","chmod modifies read, write, and execute permissions for a file or directory."
"462ff9fc-fad8-497b-960c-1f8d56e94ba5","Linux / Shell Scripting","beginner","mcq","What does the pipe operator '|' do in a shell command?","[""Sends the output of one command as input to another"", ""Runs two commands in parallel"", ""Redirects output to a file"", ""Comments out the rest of the line""]","Sends the output of one command as input to another","The pipe connects the standard output of the left command to the standard input of the right command."
"e88c21d7-2f3f-42ac-bc92-12cbb5d4918c","Linux / Shell Scripting","beginner","text","What is the difference between '>' and '>>' in shell redirection?","","'>' overwrites the target file with the command's output, while '>>' appends the output to the end of the file without deleting existing content.","Both redirect stdout to a file, but they differ in whether existing file content is truncated (>) or preserved and appended to (>>)."
"e70330e4-5540-4c9b-8061-ca75da514c83","Linux / Shell Scripting","beginner","mcq","Which command shows the current working directory?","[""pwd"", ""cwd"", ""cd"", ""dir""]","pwd","pwd (print working directory) outputs the absolute path of the current directory."
"b3e42b34-a9f3-4ccf-a103-ea88f1feae8e","Linux / Shell Scripting","beginner","code","What does this shell command do?
grep -r ""TODO"" ./src","","It recursively searches all files under the ./src directory for lines containing the text ""TODO"" and prints matching lines.","The -r flag makes grep search directories recursively, and it prints any line matching the given pattern."
"14e50eb3-aa4c-493b-a05e-3717f124639d","Linux / Shell Scripting","beginner","mcq","What does the 'kill' command do in Linux?","[""Sends a signal (often to terminate) to a running process by PID"", ""Deletes a file permanently"", ""Shuts down the entire system immediately"", ""Removes a user account""]","Sends a signal (often to terminate) to a running process by PID","kill sends a specified signal (default SIGTERM) to a process, commonly used to request or force termination."
"8a8953ab-a6c1-46f4-a5a4-37465bb52ec1","Linux / Shell Scripting","intermediate","code","What does this bash script do?
#!/bin/bash
for f in *.txt; do
  mv ""$f"" ""${f%.txt}.bak""
done","","It renames every .txt file in the current directory to have a .bak extension instead, using parameter expansion to strip the .txt suffix.","${f%.txt} removes the trailing '.txt' from the filename, and mv renames each file accordingly, effectively changing the extension."
"773f0c05-938b-46c0-814e-5318a2347966","Linux / Shell Scripting","intermediate","mcq","What is the purpose of a shebang line like '#!/bin/bash' at the top of a script?","[""Tells the OS which interpreter to use to execute the script"", ""Is a comment ignored entirely by the shell"", ""Sets file permissions"", ""Declares environment variables""]","Tells the OS which interpreter to use to execute the script","When a script is executed directly, the kernel reads the shebang to determine which interpreter binary should run the file's contents."
"5305841b-53e3-4f48-8228-0194710595ef","Linux / Shell Scripting","intermediate","mcq","What is the difference between a hard link and a symbolic link in Linux?","[""A hard link points directly to the same inode as the original file; a symbolic link is a separate file containing a path reference to the target"", ""There is no difference"", ""Symbolic links cannot cross filesystem boundaries while hard links can"", ""Hard links can point to directories freely while symlinks cannot""]","A hard link points directly to the same inode as the original file; a symbolic link is a separate file containing a path reference to the target","Hard links share the same underlying data (inode) as the original, surviving even if the original is deleted, while symlinks break if the target path becomes invalid, and typically cannot cross filesystems."
"5c4aa19c-b5d4-4c81-baa1-45209646ba33","Linux / Shell Scripting","intermediate","code","What does this command do?
find . -name ""*.log"" -mtime +7 -delete","","It finds and deletes all files ending in .log in the current directory tree that were last modified more than 7 days ago.","-mtime +7 filters for files modified more than 7 days ago, -name matches the pattern, and -delete removes the matched files."
"bcdc94e8-5495-4106-827f-c4422b7c8df3","Linux / Shell Scripting","intermediate","text","What is the difference between standard output (stdout) and standard error (stderr)?","","stdout (file descriptor 1) is used for a program's normal output, while stderr (file descriptor 2) is used for error messages/diagnostics; they can be redirected independently.","Separating the two streams allows errors to be logged or displayed separately from regular output, e.g., piping only stdout while stderr still shows on the terminal."
"669431ce-5635-4455-99e7-131730533455","Linux / Shell Scripting","intermediate","mcq","What does the command 'chmod 755 script.sh' set the permissions to?","[""Owner: read/write/execute, Group: read/execute, Others: read/execute"", ""Owner: read only, Group: write only, Others: execute only"", ""All users get full read/write/execute access"", ""No one can access the file""]","Owner: read/write/execute, Group: read/execute, Others: read/execute","755 in octal notation decodes to rwxr-xr-x: 7=rwx for owner, 5=r-x for group, 5=r-x for others."
"634cd26c-4666-4768-940e-1955d578b9d5","Linux / Shell Scripting","advanced","text","Explain the difference between a process and a thread in Linux, and how they relate to resource sharing.","","A process has its own isolated memory space and resources; threads exist within a process and share its memory space and resources but have their own stack and execution context, making inter-thread communication faster than inter-process communication.","Shared memory between threads enables lightweight, fast communication but requires synchronization to avoid race conditions, unlike isolated processes which need explicit IPC mechanisms."
"b4cab656-b513-4552-b6ba-2828fe740006","Linux / Shell Scripting","advanced","code","Why is this script dangerous, and how should it be fixed?
#!/bin/bash
rm -rf $DIR/*","","If $DIR is unset or empty, this expands to 'rm -rf /*', potentially deleting the entire filesystem; fix by quoting the variable and validating it's non-empty, e.g. rm -rf ""${DIR:?DIR not set}""/*.","Unquoted, unvalidated variable expansion in destructive commands is a classic and severe shell scripting hazard; guarding against empty/unset variables prevents catastrophic accidental deletion."
"15392f0f-7cf7-41aa-b944-ad7745617e4c","Linux / Shell Scripting","advanced","mcq","What is the purpose of the 'nice' and 'renice' commands in Linux?","[""Adjust the scheduling priority of a process to control its CPU time allocation relative to others"", ""Rename a running process"", ""Kill a zombie process"", ""Change file ownership""]","Adjust the scheduling priority of a process to control its CPU time allocation relative to others","nice sets a process's initial priority (niceness value) and renice adjusts it for an already running process, influencing how the scheduler allocates CPU time."
"a0cf66f3-271f-47f7-be08-302038c99bbc","Linux / Shell Scripting","advanced","mcq","What does the 'set -e' directive do at the top of a bash script?","[""Causes the script to exit immediately if any command returns a non-zero exit status"", ""Enables verbose debug output"", ""Suppresses all error messages"", ""Enables extended globbing""]","Causes the script to exit immediately if any command returns a non-zero exit status","set -e (errexit) helps scripts fail fast on unexpected errors instead of silently continuing after a failed command, though it has known edge cases with certain constructs."
"ca87b605-4b15-43cb-9174-fb1314c125a9","Linux / Shell Scripting","advanced","text","What is a zombie process in Linux and how does it arise?","","A zombie process is a terminated process whose exit status hasn't yet been read (reaped) by its parent via wait(); it remains in the process table as an entry until the parent reaps it or the parent itself exits.","The kernel keeps minimal metadata about a finished child process so the parent can retrieve its exit status; if the parent never calls wait(), the entry lingers as a zombie."
"bd218af8-343f-4826-aaf7-f03597ac9b70","Linux / Shell Scripting","advanced","code","What does this command pipeline do, and what performance concern might arise on very large files?
cat huge.log | grep ERROR | wc -l","","It counts how many lines in huge.log contain 'ERROR'; the useless use of 'cat' adds an unnecessary process/pipe (grep ERROR huge.log | wc -l would be more efficient, avoiding the extra cat process).","While functionally correct, piping cat's output into grep is an extra process and pipe stage that grep could handle directly by reading the file itself, a common 'useless use of cat' inefficiency."
"227af889-fb86-4d81-b285-d75572c0779f","Linux / Shell Scripting","beginner","mcq","Which command displays the contents of a text file directly in the terminal?","[""cat"", ""make"", ""run"", ""exec""]","cat","cat concatenates and prints file contents to standard output, commonly used to quickly view small files."
"ee4aa68b-d857-4e6c-823a-fb81b7e7e52d","Cybersecurity Basics","beginner","mcq","What is phishing?","[""A social engineering attack tricking users into revealing sensitive information"", ""A type of firewall configuration"", ""A method of encrypting data"", ""A network performance optimization technique""]","A social engineering attack tricking users into revealing sensitive information","Phishing uses deceptive emails/messages/websites impersonating trusted entities to steal credentials or sensitive data."
"4cec8f75-dfc6-42f5-9a6d-709e18936a18","Cybersecurity Basics","beginner","mcq","What does encryption primarily provide?","[""Confidentiality by making data unreadable without the correct key"", ""Guaranteed availability of a service"", ""Faster data transmission"", ""Automatic backup of data""]","Confidentiality by making data unreadable without the correct key","Encryption transforms plaintext into ciphertext, ensuring only parties with the correct decryption key can read the original data."
"c81aa8b7-5c68-49da-b7bf-76b926a69336","Cybersecurity Basics","beginner","mcq","What is a firewall used for?","[""Monitoring and controlling incoming/outgoing network traffic based on security rules"", ""Compressing files for storage"", ""Encrypting emails automatically"", ""Managing user passwords""]","Monitoring and controlling incoming/outgoing network traffic based on security rules","Firewalls filter network traffic according to defined rules, blocking unauthorized access while permitting legitimate communication."
"1dc8ff2b-12e7-4a6d-93fd-beea547c3627","Cybersecurity Basics","beginner","text","What is the difference between authentication and authorization?","","Authentication verifies who a user is (identity), while authorization determines what an authenticated user is allowed to do (permissions).","Authentication happens first to confirm identity; authorization then governs access to specific resources or actions based on that identity."
"9596f093-dca0-448c-ad24-f4c8a4e03b4b","Cybersecurity Basics","beginner","mcq","What does 'malware' refer to?","[""Malicious software designed to damage, disrupt, or gain unauthorized access to systems"", ""A type of hardware failure"", ""A network protocol"", ""A programming language""]","Malicious software designed to damage, disrupt, or gain unauthorized access to systems","Malware is an umbrella term covering viruses, worms, trojans, ransomware, and other harmful software."
"f942477d-0a94-40a1-bb68-44b9e1f93ca2","Cybersecurity Basics","beginner","mcq","What is two-factor authentication (2FA)?","[""Requiring two different types of verification to confirm identity, e.g., password plus a one-time code"", ""Using two passwords for the same account"", ""Logging in twice in a row"", ""Having two separate user accounts""]","Requiring two different types of verification to confirm identity, e.g., password plus a one-time code","2FA adds a second, typically independent, verification factor beyond just a password, significantly reducing the risk from compromised credentials alone."
"e480e6f9-0286-4063-b8de-15c05dba19d6","Cybersecurity Basics","beginner","mcq","What is the purpose of hashing a password before storing it in a database?","[""To store a one-way transformed value so the original password isn't recoverable if the database is breached"", ""To make the password shorter for storage efficiency"", ""To allow easy password recovery"", ""To speed up login performance""]","To store a one-way transformed value so the original password isn't recoverable if the database is breached","Hashing (with salting) ensures that even if the database is compromised, attackers cannot directly recover the original plaintext passwords."
"0f29613e-9544-4df5-ab03-8bbb13e753f8","Cybersecurity Basics","intermediate","code","What vulnerability exists in this code, and how is it fixed?
query = ""SELECT * FROM users WHERE username = '"" + username + ""'""
db.execute(query)","","SQL injection: an attacker can inject SQL through the username input; fix by using parameterized queries/prepared statements instead of string concatenation.","Directly concatenating untrusted input into a SQL string allows an attacker to alter the query's logic; parameterized queries treat input strictly as data, not executable SQL."
"ff47139b-df25-4b18-bf0b-8c45cb5e0a07","Cybersecurity Basics","intermediate","mcq","What is Cross-Site Scripting (XSS)?","[""An attack injecting malicious scripts into web pages viewed by other users"", ""A method of encrypting cookies"", ""A type of DDoS attack"", ""A database indexing vulnerability""]","An attack injecting malicious scripts into web pages viewed by other users","XSS exploits insufficient input sanitization/output encoding, allowing attacker-controlled scripts to execute in victims' browsers within the trusted site's context."
"b98edf15-07e6-48a3-bd1e-de180e24db60","Cybersecurity Basics","intermediate","text","What is the principle of least privilege?","","Users, processes, and systems should be granted only the minimum access/permissions necessary to perform their required functions, reducing the potential damage from compromise or error.","Limiting privileges reduces the attack surface and blast radius if an account or component is compromised."
"fa9b87f5-f0da-4f86-bdba-a3141b881a7f","Cybersecurity Basics","intermediate","mcq","What does a Distributed Denial of Service (DDoS) attack aim to do?","[""Overwhelm a target system with traffic from multiple sources to make it unavailable"", ""Steal sensitive data silently"", ""Encrypt files for ransom"", ""Gain administrative access to a server""]","Overwhelm a target system with traffic from multiple sources to make it unavailable","DDoS attacks flood a target with traffic from many compromised sources (often a botnet), exhausting resources and denying service to legitimate users."
"17dac3e7-893e-4b11-98bf-195a7ac5062b","Cybersecurity Basics","intermediate","mcq","What is the purpose of TLS/SSL in web communication?","[""Encrypting data in transit and authenticating the server to the client"", ""Compressing web page content"", ""Caching static assets"", ""Load balancing traffic""]","Encrypting data in transit and authenticating the server to the client","TLS/SSL establishes an encrypted channel between client and server, protecting data from eavesdropping and tampering while verifying server identity via certificates."
"0ea68bac-28ed-4fdf-98be-73332fab6bef","Cybersecurity Basics","intermediate","text","What is Cross-Site Request Forgery (CSRF) and how do anti-CSRF tokens help prevent it?","","CSRF tricks an authenticated user's browser into unknowingly submitting a malicious request to a site where they're logged in; anti-CSRF tokens embed a unique, unpredictable value in forms/requests that the server validates, so forged requests from other origins lacking the token are rejected.","Because browsers automatically attach cookies to requests, a hidden malicious form can trigger unwanted actions; a CSRF token proves the request originated from the legitimate site's own form."
"cffe7946-42bd-455e-88d5-9a89ea07a80b","Cybersecurity Basics","advanced","text","Explain the difference between symmetric and asymmetric encryption, and when each is typically used.","","Symmetric encryption uses the same key for encryption and decryption (fast, used for bulk data); asymmetric encryption uses a public/private key pair (slower, used for key exchange and digital signatures). TLS commonly combines both: asymmetric for the handshake/key exchange, symmetric for the bulk session data.","Symmetric algorithms are computationally efficient for large data volumes, while asymmetric algorithms solve the key distribution problem at the cost of performance, so hybrid systems use both for their respective strengths."
"972caa8e-12d4-4031-8995-434f4adbdd82","Cybersecurity Basics","advanced","mcq","What is a 'zero-day' vulnerability?","[""A previously unknown vulnerability with no available patch, exploitable before defenders can respond"", ""A vulnerability that only affects day-old software installations"", ""A bug that self-resolves after 24 hours"", ""A vulnerability that has already been patched""]","A previously unknown vulnerability with no available patch, exploitable before defenders can respond","Zero-days are dangerous because vendors have had 'zero days' to address them, meaning no official fix exists when exploitation begins."
"fa8ad429-32a5-40d4-a35d-594f08ff675c","Cybersecurity Basics","advanced","code","What security issue exists in this authentication check, and how should it be fixed?
if (user.password == inputPassword) {
    login(user);
}","","Comparing passwords in plaintext (and with a non-constant-time '==' comparison) implies passwords are stored insecurely and is vulnerable to timing attacks; passwords should be hashed (e.g., bcrypt) at signup, and verification should use a constant-time comparison function against the stored hash.","Storing and comparing plaintext passwords exposes them entirely if the database leaks, and naive equality checks can leak timing information about how many characters matched."
"2dd59b4e-32c0-4ec7-a673-6801712186a4","Cybersecurity Basics","advanced","mcq","What is the purpose of a Content Security Policy (CSP) header?","[""Restricting which sources of content (scripts, styles, etc.) a browser is allowed to load, mitigating XSS impact"", ""Encrypting all page content"", ""Speeding up page load times"", ""Managing user session timeouts""]","Restricting which sources of content (scripts, styles, etc.) a browser is allowed to load, mitigating XSS impact","CSP lets a site declare trusted content sources, so even if an XSS injection succeeds, the browser refuses to execute or load unauthorized scripts/resources."
"b3ca8aea-9283-44c1-b821-cc9721b106c6","Cybersecurity Basics","advanced","text","What is defense in depth, and why is relying on a single security control considered risky?","","Defense in depth layers multiple independent security controls (network, application, data, physical) so that if one layer fails or is bypassed, others still provide protection; relying on a single control creates a single point of failure that, once breached, exposes the entire system.","No single security measure is perfect; layering controls ensures that a failure or bypass of one doesn't immediately lead to full compromise."
"024b09d0-af7a-4d99-a65f-649688920be7","Cybersecurity Basics","advanced","mcq","What does 'salting' a password hash protect against?","[""Precomputed rainbow table attacks by making identical passwords hash to different values"", ""Brute-force attacks entirely"", ""Network eavesdropping"", ""SQL injection""]","Precomputed rainbow table attacks by making identical passwords hash to different values","Adding a unique random salt per password before hashing ensures identical passwords produce different hashes, defeating precomputed lookup table attacks."
"319be5fe-8e71-4cc7-b946-9d3aacd4d7fb","Cybersecurity Basics","intermediate","mcq","What is a VPN (Virtual Private Network) primarily used for?","[""Creating an encrypted tunnel over a public network to protect data and mask network origin"", ""Speeding up internet connections"", ""Blocking all incoming network traffic"", ""Compressing files for storage""]","Creating an encrypted tunnel over a public network to protect data and mask network origin","VPNs encrypt traffic between the client and a VPN server, protecting data in transit over untrusted networks and obscuring the user's real IP/location."
"7f6184b1-8192-472f-8852-8dac49bbf238","Testing / QA (Selenium, Jest)","beginner","mcq","What is the primary purpose of unit testing?","[""Verifying that individual, isolated units of code (e.g., functions) work as expected"", ""Testing the entire system end-to-end only"", ""Testing UI appearance only"", ""Load testing a server""]","Verifying that individual, isolated units of code (e.g., functions) work as expected","Unit tests target the smallest testable pieces of code in isolation, typically mocking external dependencies."
"c3021dfc-1384-46ea-9322-33f7392ec770","Testing / QA (Selenium, Jest)","beginner","mcq","What is Selenium primarily used for?","[""Automating browser interactions for web application testing"", ""Writing unit tests for backend logic only"", ""Managing databases"", ""Compiling JavaScript code""]","Automating browser interactions for web application testing","Selenium WebDriver automates real browser actions (clicks, form fills, navigation) to test web applications as a user would interact with them."
"094245de-8ace-4153-9daa-2b7fc02b8c1b","Testing / QA (Selenium, Jest)","beginner","mcq","What is Jest commonly used for?","[""Writing and running JavaScript unit/integration tests"", ""Managing CSS styles"", ""Building Docker images"", ""Deploying applications to production""]","Writing and running JavaScript unit/integration tests","Jest is a popular JavaScript testing framework providing test runners, assertions, and mocking utilities."
"92aca665-0827-4040-9868-2ecc9a828985","Testing / QA (Selenium, Jest)","beginner","text","What is the difference between manual testing and automated testing?","","Manual testing involves a human executing test cases by hand; automated testing uses scripts/tools to execute tests programmatically, enabling faster, repeatable execution, especially for regression testing.","Automation trades upfront script-writing effort for speed and repeatability on subsequent runs, while manual testing is more flexible for exploratory or one-off scenarios."
"89754f23-ba6e-420c-81a5-a9a7b48360fe","Testing / QA (Selenium, Jest)","beginner","mcq","What does 'assert' typically do in a testing framework?","[""Checks that an actual value matches an expected value, failing the test if not"", ""Logs a message to the console"", ""Starts the test suite"", ""Skips a test""]","Checks that an actual value matches an expected value, failing the test if not","Assertions are the core mechanism for verifying expected behavior; a failed assertion marks the test as failed."
"4d208ffc-d123-40a6-8168-94f0cc868bd0","Testing / QA (Selenium, Jest)","beginner","mcq","What is regression testing?","[""Re-running existing tests to ensure new changes haven't broken previously working functionality"", ""Testing only new features"", ""Testing performance under heavy load"", ""Manually testing UI colors""]","Re-running existing tests to ensure new changes haven't broken previously working functionality","Regression tests catch unintended side effects of code changes by verifying previously passing behavior still holds."
"e88da297-32e0-422f-873f-9ac4831c990f","Testing / QA (Selenium, Jest)","beginner","mcq","What does 'mocking' a dependency in a unit test achieve?","[""Replacing a real dependency with a controlled fake to isolate the unit under test"", ""Making the test run slower deliberately"", ""Deleting the dependency permanently"", ""Testing the dependency itself thoroughly""]","Replacing a real dependency with a controlled fake to isolate the unit under test","Mocks simulate the behavior of real dependencies (APIs, databases) so tests can focus solely on the logic of the unit being tested, without external side effects or flakiness."
"aa0e81dc-e069-4d37-9ed6-e3558046ea73","Testing / QA (Selenium, Jest)","intermediate","code","What does this Jest test verify, and would it pass?
test('adds numbers', () => {
  expect(sum(2, 3)).toBe(5);
});
function sum(a, b) { return a + b; }","","It verifies that sum(2,3) equals 5; assuming sum is correctly implemented as shown, the test passes.","toBe() checks strict equality; since sum(2,3) correctly returns 5, the assertion succeeds and the test passes."
"e252e705-df57-473e-97b7-33e22555d009","Testing / QA (Selenium, Jest)","intermediate","mcq","What is the testing pyramid, and what does it recommend?","[""A model suggesting many unit tests, fewer integration tests, and even fewer end-to-end tests"", ""A hierarchy suggesting only end-to-end tests are necessary"", ""A visualization of test coverage percentages only"", ""A staffing model for QA teams""]","A model suggesting many unit tests, fewer integration tests, and even fewer end-to-end tests","The pyramid emphasizes fast, cheap, numerous unit tests at the base, with progressively fewer, slower, more expensive integration and E2E tests, balancing speed and confidence."
"2f7c15bb-a9d7-4fd4-8c78-bedfe1e29938","Testing / QA (Selenium, Jest)","intermediate","text","What causes 'flaky tests' and why are they problematic?","","Flaky tests pass or fail inconsistently without code changes, often due to timing issues, shared/mutable state, network dependencies, or race conditions; they erode trust in the test suite and can hide real bugs or cause developers to ignore failures.","Nondeterministic test outcomes make it hard to distinguish real regressions from noise, undermining the reliability of the CI signal."
"66453722-53e6-4ad4-9009-4ddaf05aeffd","Testing / QA (Selenium, Jest)","intermediate","mcq","In Selenium, what is an explicit wait used for?","[""Waiting for a specific condition (e.g., element visibility) before proceeding, up to a timeout"", ""Pausing the test for a fixed, arbitrary amount of time always"", ""Waiting for the entire test suite to finish"", ""Restarting the browser""]","Waiting for a specific condition (e.g., element visibility) before proceeding, up to a timeout","Explicit waits poll for a defined condition, making tests more robust to variable load times than fixed sleep-based waits."
"7df2c301-d78e-4d08-b71d-e837b2587255","Testing / QA (Selenium, Jest)","intermediate","code","What is wrong with this test's use of mocking?
test('fetches user', async () => {
  const data = await fetchUser(1); // hits real production API
  expect(data.name).toBe('Alice');
});","","The test depends on a real external API call, making it slow, flaky, and dependent on network/production state; it should mock the API call (e.g., with jest.mock or a fetch mock) to isolate the test.","Tests relying on live external services are non-deterministic and can fail due to network issues, rate limits, or changed production data unrelated to the code under test."
"94dff051-d4ed-4930-bd5f-1198a21021dc","Testing / QA (Selenium, Jest)","advanced","text","What is the Page Object Model (POM) pattern in Selenium test automation, and why is it recommended?","","POM encapsulates each page's UI elements and interactions into a dedicated class, separating test logic from page structure details; this reduces duplication and makes tests more maintainable when the UI changes, since only the page object needs updating.","Without POM, UI locator changes would require updates across many scattered test scripts; centralizing them in page objects isolates the impact of UI changes."
"9a99d923-5b2b-460c-bd16-ffcb4b217aef","Testing / QA (Selenium, Jest)","advanced","mcq","What is mutation testing used to evaluate?","[""The effectiveness of a test suite by introducing small code changes (mutants) and checking if tests catch them"", ""The speed of test execution"", ""The number of lines of code covered"", ""Whether code compiles correctly""]","The effectiveness of a test suite by introducing small code changes (mutants) and checking if tests catch them","Mutation testing measures test quality beyond code coverage by verifying tests actually fail when the underlying logic is subtly broken, revealing weak or missing assertions."
"8402c025-86c8-4dfd-9f11-dfe1edd594c9","Testing / QA (Selenium, Jest)","advanced","mcq","Why can high code coverage percentage be a misleading quality metric?","[""Coverage measures which lines execute, not whether meaningful assertions validate correct behavior"", ""Coverage always guarantees zero bugs"", ""Coverage cannot be measured accurately"", ""Coverage only applies to unit tests, never integration tests""]","Coverage measures which lines execute, not whether meaningful assertions validate correct behavior","A test can execute a line of code without asserting anything meaningful about its output, so 100% coverage doesn't guarantee the code is correctly tested."
"77dfa876-2375-489d-999d-82c6d987f46c","Testing / QA (Selenium, Jest)","advanced","code","What race condition risk exists in this Selenium test, and how would you fix it?
driver.get(url);
driver.findElement(By.id(""submit"")).click();","","The page may not have fully loaded or rendered the 'submit' element before the click attempt, causing a NoSuchElementException intermittently; fix with an explicit wait for element presence/clickability before interacting.","Page loads and asynchronous rendering (especially in SPAs) can lag behind driver.get() returning, so immediately interacting with elements risks flaky failures without proper waits."
"d025756b-e46d-44ef-9db5-3cf7c9f8830d","Testing / QA (Selenium, Jest)","advanced","text","What is contract testing (e.g., using Pact) and what problem does it solve in microservice architectures?","","Contract testing verifies that the API 'contract' (expected requests/responses) between a consumer and provider service matches on both sides, without requiring full end-to-end integration tests; it catches breaking changes to service interfaces early, independently of deploying the full system.","In microservices, testing every service combination end-to-end doesn't scale; contract tests let each service verify compatibility with its counterparts' expected interface in isolation."
"45434dea-d960-45ed-ad3b-31b43802cd84","Testing / QA (Selenium, Jest)","advanced","mcq","What is the primary trade-off of relying heavily on end-to-end (E2E) UI tests versus unit tests?","[""E2E tests provide high confidence in real user flows but are slower, more brittle, and harder to debug when they fail"", ""E2E tests always run faster than unit tests"", ""E2E tests eliminate the need for any other testing"", ""E2E tests are cheaper to maintain than unit tests""]","E2E tests provide high confidence in real user flows but are slower, more brittle, and harder to debug when they fail","E2E tests exercise the full stack realistically but are more prone to flakiness from timing/environment issues and provide less precise failure localization than focused unit tests."
"a9ba6239-0bfd-4c2a-87ae-dc27319825bb","Testing / QA (Selenium, Jest)","beginner","mcq","What does 'test coverage' measure?","[""The percentage of code executed by the test suite"", ""The number of bugs found in production"", ""The speed at which tests run"", ""The number of developers writing tests""]","The percentage of code executed by the test suite","Code coverage quantifies which lines, branches, or statements are exercised by tests, though it doesn't guarantee correctness of the assertions themselves."
"fa1647e9-aa09-43b0-a993-48e65f1622b0","Testing / QA (Selenium, Jest)","intermediate","code","What does this Jest snippet test, using a spy/mock?
const spy = jest.spyOn(console, 'log');
logMessage('hello');
expect(spy).toHaveBeenCalledWith('hello');","","It verifies that calling logMessage('hello') results in console.log being called with the argument 'hello', without needing to actually inspect terminal output.","jest.spyOn wraps the real console.log so the test can assert it was called with specific arguments while still allowing (or optionally suppressing) its normal behavior."
"dd25c998-8061-4a79-a69e-bcc34cfcf299","Mobile Development (iOS/Android, Flutter, React Native)","beginner","mcq","Which programming language is primarily used for native Android development today?","[""Kotlin"", ""Swift"", ""Objective-C"", ""Dart""]","Kotlin","Kotlin is Google's officially recommended language for native Android development, though Java is also still supported."
"3dbefd7e-fdbb-4aca-be90-7b1a8bcdd546","Mobile Development (iOS/Android, Flutter, React Native)","beginner","mcq","Which language is primarily used for native iOS development today?","[""Swift"", ""Kotlin"", ""Dart"", ""C#""]","Swift","Swift is Apple's modern language for iOS/macOS development, having largely replaced Objective-C for new projects."
"0e55cbf3-84c8-48f4-8407-d935241a6b35","Mobile Development (iOS/Android, Flutter, React Native)","beginner","mcq","What is Flutter?","[""A UI toolkit by Google for building natively compiled cross-platform apps using Dart"", ""A native iOS-only framework"", ""A backend server framework"", ""A database management tool""]","A UI toolkit by Google for building natively compiled cross-platform apps using Dart","Flutter compiles Dart code to native ARM/x86 code and renders its own widgets, enabling a single codebase for iOS, Android, web, and desktop."
"30a9df9f-cf37-4abf-a6a0-8c23c3ea763a","Mobile Development (iOS/Android, Flutter, React Native)","beginner","text","What is the main appeal of cross-platform frameworks like React Native or Flutter compared to native development?","","They allow developers to write a single codebase that runs on both iOS and Android, reducing development time and cost compared to maintaining separate native codebases.","Sharing most business logic and UI code across platforms reduces duplication, though performance-critical or highly platform-specific features may still need native code."
"2b4d63d0-4fab-46c2-b71a-f9fde2e99f6c","Mobile Development (iOS/Android, Flutter, React Native)","beginner","mcq","What is an 'Activity' in Android development?","[""A single, focused screen with a user interface"", ""A background service only"", ""A database table"", ""A network request handler""]","A single, focused screen with a user interface","An Activity represents one screen of the app's UI and manages its own lifecycle events (create, resume, pause, destroy)."
"cc4fa962-e616-487c-9552-9b005c49aafa","Mobile Development (iOS/Android, Flutter, React Native)","beginner","mcq","What is the purpose of a mobile app's manifest file (e.g., AndroidManifest.xml or Info.plist)?","[""Declaring app metadata, permissions, and components required by the OS"", ""Storing the app's compiled binary code"", ""Managing UI layout only"", ""Handling network requests""]","Declaring app metadata, permissions, and components required by the OS","Manifest files tell the OS what permissions, activities/screens, and other components the app needs to function correctly."
"bdcfa4a9-ed90-46c8-8215-e8530711d0c6","Mobile Development (iOS/Android, Flutter, React Native)","beginner","mcq","In React Native, what allows JavaScript code to interact with native mobile components?","[""The bridge (or newer JSI) connecting JS and native modules"", ""A direct compiler that turns JS into Swift/Kotlin"", ""A web browser embedded in the app"", ""A remote server executing the native calls""]","The bridge (or newer JSI) connecting JS and native modules","React Native historically used an asynchronous bridge (and newer architectures use JSI) to communicate between the JavaScript thread and native platform code/UI components."
"b73a940c-d733-4049-b5e2-4ba044b9d6d0","Mobile Development (iOS/Android, Flutter, React Native)","intermediate","text","What is the Android/iOS app lifecycle, and why is managing it important?","","The app lifecycle describes states like created, started, resumed, paused, stopped, and destroyed; properly handling transitions (e.g., saving state on pause, releasing resources on stop) prevents data loss, crashes, and unnecessary resource/battery consumption.","Mobile OSes can suspend or kill apps in the background to conserve resources, so apps must persist critical state and release resources appropriately during lifecycle transitions."
"ff896daf-6f6a-4a84-a816-868b7a1a8f2b","Mobile Development (iOS/Android, Flutter, React Native)","intermediate","mcq","What is the purpose of Flutter's widget tree and the concept of 'everything is a widget'?","[""The entire UI, including layout and styling, is composed of nested, immutable widget objects rebuilt declaratively on state change"", ""Widgets are only used for buttons and text fields"", ""Widgets replace the need for a build system"", ""Widgets are compiled separately from the app""]","The entire UI, including layout and styling, is composed of nested, immutable widget objects rebuilt declaratively on state change","Flutter's declarative model rebuilds the widget tree efficiently on state changes, diffing against the previous tree (similar in spirit to React's virtual DOM) to update only what changed."
"7e8ef27a-2097-442a-95f5-efb903cfb6e5","Mobile Development (iOS/Android, Flutter, React Native)","intermediate","mcq","What is the difference between StatefulWidget and StatelessWidget in Flutter?","[""StatefulWidget can hold mutable state that changes over the widget's lifetime; StatelessWidget cannot change once built"", ""StatelessWidget is faster in all cases with no trade-offs"", ""StatefulWidget cannot rebuild the UI"", ""They are functionally identical""]","StatefulWidget can hold mutable state that changes over the widget's lifetime; StatelessWidget cannot change once built","StatefulWidget pairs with a State object that can call setState() to trigger rebuilds, while StatelessWidget's configuration is immutable after construction."
"d9269068-c290-4a9c-9bc5-4a4e60ccd1b6","Mobile Development (iOS/Android, Flutter, React Native)","intermediate","text","What are the trade-offs of using a cross-platform framework versus fully native development for a mobile app with heavy graphics/animation requirements?","","Cross-platform frameworks (especially those using a bridge, like older React Native) may introduce performance overhead for complex, high-frequency UI updates or animations; fully native development gives direct access to platform-optimized rendering and APIs at the cost of maintaining separate codebases per platform.","Frameworks with a bridge or abstraction layer between JS/Dart and native rendering can incur latency for performance-critical operations, whereas native code interacts directly with platform graphics APIs."
"c9b3b8d9-3b37-4ace-a069-f66961013e37","Mobile Development (iOS/Android, Flutter, React Native)","intermediate","mcq","What is the purpose of app permissions (e.g., camera, location) in mobile OS security models?","[""Requiring explicit user consent before an app can access sensitive device features or data"", ""Encrypting all app data automatically"", ""Speeding up app installation"", ""Preventing the app from crashing""]","Requiring explicit user consent before an app can access sensitive device features or data","Runtime permission models (introduced in modern Android/iOS) give users granular control, requiring apps to request access to sensitive resources explicitly rather than granting blanket access at install time."
"e2d9b841-0c64-4815-a313-002d0022c62e","Mobile Development (iOS/Android, Flutter, React Native)","advanced","text","Explain how Flutter achieves consistent UI rendering across platforms compared to React Native's approach.","","Flutter renders its own widgets directly to a canvas via the Skia (or Impeller) graphics engine, bypassing native platform UI components entirely for pixel-perfect consistency; React Native (in its classic architecture) maps components to actual native platform widgets, giving more native look-and-feel but potential inconsistency between platforms.","Flutter's own rendering engine guarantees visual consistency at the cost of not using native widgets by default, while React Native's native-component approach benefits from platform-native behavior but requires per-platform tuning."
"d9bff5ea-dd84-4aba-8e34-4535f17bc17e","Mobile Development (iOS/Android, Flutter, React Native)","advanced","mcq","What is a common cause of jank (dropped frames) in mobile app UIs?","[""Performing expensive computations or layout work on the main/UI thread during each frame"", ""Using too few widgets"", ""Having too many unit tests"", ""Using vector graphics instead of bitmaps""]","Performing expensive computations or layout work on the main/UI thread during each frame","Mobile UIs typically target 60fps (16ms per frame); blocking the main thread with heavy work prevents timely frame rendering, causing visible stutter."
"ecb15a19-608f-444f-8320-8e1e90c37859","Mobile Development (iOS/Android, Flutter, React Native)","advanced","code","Why might this Flutter code cause performance issues in a long list?
ListView(
  children: items.map((item) => ExpensiveWidget(item)).toList(),
)","","ListView with a fixed children list builds ALL items upfront regardless of visibility, which is expensive for long lists; ListView.builder should be used instead to lazily build only the visible items on demand.","The default ListView constructor eagerly constructs every child widget, while ListView.builder constructs items lazily as they scroll into view, dramatically improving performance for large lists."
"edbede08-6b52-4bd2-b9b7-8103265dfc29","Mobile Development (iOS/Android, Flutter, React Native)","advanced","text","What is the significance of platform-specific app store review guidelines (e.g., Apple App Store) for mobile release cycles compared to web deployment?","","Mobile releases typically require submission to an app store (Apple App Store, Google Play) that reviews the app against guidelines before publishing, introducing review delays and possible rejections, unlike web deployments which can be released instantly by the developer.","Unlike continuous web deployment, mobile app updates must pass a manual/automated review process that can take hours to days and may reject non-compliant submissions, affecting release velocity and rollback strategies."
"57309591-270f-4d70-998a-52a3587f01d2","Mobile Development (iOS/Android, Flutter, React Native)","advanced","mcq","What is the main benefit of using native modules in a React Native app for specific functionality?","[""Accessing platform-specific APIs or achieving better performance than pure JavaScript can provide"", ""Making the app compile faster always"", ""Removing the need for a bridge/JSI entirely"", ""Automatically supporting all future OS versions without updates""]","Accessing platform-specific APIs or achieving better performance than pure JavaScript can provide","Native modules let React Native apps drop into platform-specific Swift/Kotlin/Java code for functionality or performance not achievable purely in JavaScript."
"90b0145d-e3b3-4b64-aeeb-5a577a7930a4","Mobile Development (iOS/Android, Flutter, React Native)","beginner","mcq","What is responsive/adaptive design important for in mobile app development?","[""Ensuring the UI looks and functions correctly across different screen sizes and device types"", ""Making the app run faster on all devices"", ""Reducing the app's file size"", ""Encrypting user data automatically""]","Ensuring the UI looks and functions correctly across different screen sizes and device types","Mobile devices vary widely in screen size, resolution, and orientation, so layouts must adapt to remain usable and visually correct across this diversity."
"1910ab40-3dfb-4fe5-a65c-049f26310fd0","Mobile Development (iOS/Android, Flutter, React Native)","intermediate","mcq","What is the purpose of local data persistence options like SQLite or SharedPreferences/UserDefaults in mobile apps?","[""Storing data on the device so it's available across app launches without a network connection"", ""Sending data to a remote server automatically"", ""Compiling the app for release"", ""Managing app permissions""]","Storing data on the device so it's available across app launches without a network connection","Local storage mechanisms let apps retain user data, settings, or cached content offline, improving performance and enabling offline functionality."
"b6446b9e-9ed1-4744-88fa-26619323776a","Mobile Development (iOS/Android, Flutter, React Native)","advanced","text","What are the challenges of handling offline-first functionality and data synchronization in mobile apps?","","Offline-first apps must queue local changes made without connectivity, then reconcile them with the server when back online, handling conflicts (e.g., the same record edited both locally and remotely) and ensuring eventual consistency without data loss.","Synchronization logic must resolve conflicting edits and network failures gracefully, often using techniques like conflict-free replicated data types (CRDTs) or last-write-wins with versioning."
"26c7e353-5500-4f2b-b1e0-77f6dbe06198","DevOps","beginner","mcq","What is the primary goal of DevOps culture and practices?","[""Improving collaboration between development and operations teams to deliver software faster and more reliably"", ""Replacing all operations staff with automation"", ""Eliminating the need for testing"", ""Reducing the number of developers on a team""]","Improving collaboration between development and operations teams to deliver software faster and more reliably","DevOps breaks down silos between dev and ops, emphasizing automation, shared responsibility, and continuous feedback to speed up delivery while maintaining reliability."
"68584ea2-5d19-417a-a54d-2e9c99852af4","DevOps","beginner","mcq","What does 'Infrastructure as Code' (IaC) mean?","[""Managing and provisioning infrastructure through machine-readable definition files rather than manual processes"", ""Writing application code that manages hardware directly"", ""A programming language for servers only"", ""Manually configuring servers through a GUI""]","Managing and provisioning infrastructure through machine-readable definition files rather than manual processes","IaC tools (Terraform, CloudFormation, Ansible) let infrastructure be version-controlled, reviewed, and reproducibly provisioned like application code."
"1f033a6d-bca0-4161-aeb8-2bd3b7e9fad8","DevOps","beginner","mcq","What is the purpose of monitoring and logging in a DevOps pipeline?","[""Detecting issues, understanding system behavior, and enabling quick incident response"", ""Only for compliance purposes with no operational value"", ""Replacing the need for testing"", ""Slowing down deployments intentionally""]","Detecting issues, understanding system behavior, and enabling quick incident response","Monitoring and logging provide visibility into production systems, enabling teams to detect anomalies, debug issues, and respond to incidents quickly."
"dda79b7b-2653-4fc6-8f40-cadc9c86c79b","DevOps","beginner","text","What is the difference between DevOps and traditional siloed development/operations teams?","","Traditional models separate development (building software) and operations (running/maintaining it) into distinct teams with limited collaboration; DevOps merges these responsibilities and encourages shared ownership, automation, and continuous collaboration throughout the software lifecycle.","The traditional 'throw it over the wall' handoff between dev and ops often caused friction and slow releases, which DevOps practices aim to eliminate through shared tools, culture, and automation."
"c9f38fd9-0b58-4b85-be02-31a54b2925ce","DevOps","beginner","mcq","What does 'configuration management' (e.g., using Ansible, Puppet, Chef) primarily automate?","[""Consistently applying and maintaining system configurations across servers"", ""Writing application business logic"", ""Compiling source code"", ""Managing Git branches""]","Consistently applying and maintaining system configurations across servers","Configuration management tools automate installing packages, setting configs, and enforcing a desired system state across many servers consistently."
"0b0cebdd-0ce0-43ca-becd-df75b556965a","DevOps","beginner","mcq","What is the purpose of a 'staging' environment in a deployment pipeline?","[""A production-like environment used to test changes before releasing to real users"", ""The environment where developers write code"", ""A backup of the production database only"", ""The environment customers use directly""]","A production-like environment used to test changes before releasing to real users","Staging mimics production closely, allowing final validation of changes in a realistic environment without risking actual user-facing systems."
"26a1dc39-93a0-4615-88d8-7860fe7efd80","DevOps","beginner","mcq","What does 'observability' mean in modern DevOps/SRE practice?","[""The ability to understand a system's internal state from its external outputs (logs, metrics, traces)"", ""Only having a dashboard with server uptime"", ""Manually checking servers periodically"", ""A synonym for unit testing""]","The ability to understand a system's internal state from its external outputs (logs, metrics, traces)","Observability goes beyond basic monitoring, combining logs, metrics, and distributed traces to diagnose novel or complex issues in production systems."
"21be018b-6171-4506-8f0a-ac609f369e10","DevOps","intermediate","text","What is the difference between monitoring and alerting in a production system?","","Monitoring collects and visualizes system metrics/logs over time to understand behavior; alerting actively notifies responsible teams when specific conditions or thresholds indicate a problem requiring attention.","Monitoring is the passive collection/observation layer, while alerting is the actionable layer that triggers human or automated response based on monitored data crossing defined thresholds."
"7e0ca574-2c40-4f5d-abcd-72a146083cdb","DevOps","intermediate","mcq","What is a 'blameless postmortem' in incident management?","[""A review process focused on understanding systemic causes of an incident rather than assigning individual blame"", ""A meeting to fire the person responsible for an outage"", ""A process only for critical outages"", ""A weekly status update meeting""]","A review process focused on understanding systemic causes of an incident rather than assigning individual blame","Blameless postmortems encourage honest disclosure of what happened, focusing on process/systemic improvements rather than punishing individuals, which improves long-term reliability culture."
"af9e9340-6681-4fa0-9f2e-af624eb5705b","DevOps","intermediate","mcq","What is the purpose of a Service Level Objective (SLO)?","[""A target level of reliability/performance a service aims to meet, used to guide engineering priorities"", ""A legal contract with customers"", ""A type of load balancer configuration"", ""A code review checklist""]","A target level of reliability/performance a service aims to meet, used to guide engineering priorities","SLOs (e.g., 99.9% uptime) set internal reliability targets, informing decisions like how much risk can be taken with new releases (error budgets)."
"90680d3a-4c2e-49a2-93bf-5877d52d8a75","DevOps","intermediate","text","What is an 'error budget' in Site Reliability Engineering (SRE), and how does it relate to release velocity?","","An error budget is the acceptable amount of unreliability (e.g., 0.1% downtime) allowed within an SLO period; teams can spend this budget on releasing new features/changes, but if it's exhausted, the team should slow down releases and focus on stability instead.","Error budgets balance innovation speed against reliability by quantifying acceptable risk, giving teams a data-driven way to decide when to prioritize stability over new feature velocity."
"d9a6f895-bbba-4189-bdf9-596e90dcb6e0","DevOps","intermediate","mcq","What is the purpose of feature flags (feature toggles) in a DevOps workflow?","[""Enabling or disabling functionality at runtime without deploying new code, supporting gradual rollouts"", ""Compiling code faster"", ""Replacing the need for version control"", ""Automatically fixing bugs""]","Enabling or disabling functionality at runtime without deploying new code, supporting gradual rollouts","Feature flags decouple deployment from release, allowing teams to ship code dark and gradually enable it, or quickly disable a problematic feature without a full rollback deployment."
"1cc67d3e-3fae-4ba6-aef1-f13043cc07c5","DevOps","advanced","text","Explain the concept of 'immutable infrastructure' and its benefits over mutable, in-place server updates.","","Immutable infrastructure means servers/containers are never modified after deployment; instead, changes are made by building a new image/version and replacing the old instance entirely. This eliminates configuration drift, makes rollbacks trivial (redeploy the previous image), and improves consistency between environments.","Mutable in-place updates can accumulate undocumented manual changes over time (configuration drift), making systems harder to reproduce or debug, which immutable infrastructure avoids by treating deployments as atomic replacements."
"2f1da121-e905-4a6d-b249-328bc5b737eb","DevOps","advanced","mcq","What is the primary purpose of chaos engineering (e.g., Chaos Monkey)?","[""Deliberately injecting failures into a system to proactively test its resilience"", ""Randomly deleting production databases without warning"", ""Testing UI aesthetics"", ""A load testing tool for APIs only""]","Deliberately injecting failures into a system to proactively test its resilience","Chaos engineering intentionally introduces controlled failures (killing instances, network latency) to validate that systems degrade gracefully and recover automatically, surfacing weaknesses before real outages do."
"93aed63a-a328-4dd3-a013-1a51fd8ab62a","DevOps","advanced","mcq","What is 'toil' in the SRE context, and why does SRE practice aim to reduce it?","[""Manual, repetitive, automatable operational work that scales linearly with service growth and provides no lasting value"", ""Any work performed by an SRE team"", ""Time spent writing documentation"", ""Time spent in meetings only""]","Manual, repetitive, automatable operational work that scales linearly with service growth and provides no lasting value","SRE practice targets minimizing toil by automating repetitive tasks, freeing engineering time for work that improves long-term system reliability and scalability rather than just keeping the lights on."
"21b3c91c-3897-4cd0-8227-be19d93e9450","DevOps","advanced","text","What is GitOps, and how does it differ from traditional push-based deployment pipelines?","","GitOps uses Git as the single source of truth for declarative infrastructure/application state; an automated controller (e.g., ArgoCD, Flux) continuously reconciles the live system to match the state defined in Git (pull-based), rather than a CI pipeline directly pushing changes to the target environment.","The pull-based reconciliation model in GitOps provides auditability (all changes are Git commits), easy rollback (revert commits), and continuous drift detection/correction compared to traditional imperative push-based deployments."
"f57bad16-abbe-416f-8dd2-9a80f55cb874","DevOps","advanced","code","A team's deployment pipeline has no automated rollback and a bad release causes an outage that takes 40 minutes to manually fix. What DevOps practice would most directly reduce this Mean Time To Recovery (MTTR)?","","Implementing automated rollback (e.g., via health-check-triggered rollback in the deployment pipeline, or blue-green/canary deployments that can instantly switch back to the previous known-good version).","Automated, fast rollback mechanisms drastically cut MTTR compared to manual diagnosis and fixes, directly improving reliability metrics tracked in DevOps/SRE practice."
"92065aba-db9e-479f-8ce0-14ea607fb886","DevOps","beginner","mcq","What is the purpose of containerization (e.g., Docker) in a DevOps workflow?","[""Packaging an application with its dependencies for consistent behavior across environments"", ""Replacing the need for version control"", ""Automatically writing test cases"", ""Managing user authentication""]","Packaging an application with its dependencies for consistent behavior across environments","Containers bundle the app and its runtime dependencies together, eliminating 'works on my machine' issues by ensuring consistency from development through production."
"648e1d29-0977-4a33-9d09-10d57fc39e8a","DevOps","intermediate","text","What is the difference between horizontal scaling and vertical scaling as a DevOps scaling strategy?","","Horizontal scaling adds more instances/machines to distribute load; vertical scaling increases the resources (CPU, memory) of an existing machine/instance.","Horizontal scaling improves fault tolerance and has more headroom for growth, while vertical scaling is simpler to implement but limited by the maximum size of a single machine."
"620b1f00-7064-449e-b245-f1ae6b06c566","DevOps","advanced","mcq","What is the purpose of a 'runbook' in incident response?","[""A documented set of step-by-step procedures for diagnosing and resolving specific operational issues"", ""A log file of all system errors"", ""A performance benchmark report"", ""A deployment pipeline configuration file""]","A documented set of step-by-step procedures for diagnosing and resolving specific operational issues","Runbooks standardize incident response steps so on-call engineers can quickly and consistently address known failure scenarios, reducing resolution time."
"5c10a376-60cf-4415-8505-5cfc86ac7d24","Big Data (Hadoop, Spark)","beginner","mcq","What is Hadoop primarily used for?","[""Distributed storage and processing of very large datasets across clusters of commodity hardware"", ""Real-time video streaming"", ""Managing a single relational database"", ""Building mobile applications""]","Distributed storage and processing of very large datasets across clusters of commodity hardware","Hadoop provides a framework (HDFS + MapReduce and related tools) for storing and processing massive datasets across many machines in parallel."
"5bd1b753-2968-4bf8-b97e-f1117e8023f9","Big Data (Hadoop, Spark)","beginner","mcq","What does HDFS stand for?","[""Hadoop Distributed File System"", ""High Density File Storage"", ""Hyper Data Flow System"", ""Hadoop Data Format Specification""]","Hadoop Distributed File System","HDFS is Hadoop's distributed storage layer that splits large files into blocks replicated across multiple nodes for fault tolerance."
"baa854a2-3aed-431b-aa2b-4fc7d3eca6f0","Big Data (Hadoop, Spark)","beginner","mcq","What is Apache Spark primarily known for compared to traditional Hadoop MapReduce?","[""Faster in-memory data processing"", ""Only supporting batch processing"", ""Being a database management system"", ""Requiring no cluster to run""]","Faster in-memory data processing","Spark processes data primarily in memory rather than writing intermediate results to disk between stages, making it significantly faster than classic MapReduce for many workloads."
"98ec74d1-8b77-4845-bb49-5087ce115d67","Big Data (Hadoop, Spark)","beginner","text","What are the 'three Vs' commonly used to characterize Big Data?","","Volume (large amounts of data), Velocity (speed of data generation/processing), and Variety (different data types/formats).","These three dimensions describe the challenges big data systems must handle: massive scale, fast-arriving data, and heterogeneous formats (structured, semi-structured, unstructured)."
"abb165c9-4353-4a64-aabe-a92de0c91930","Big Data (Hadoop, Spark)","beginner","mcq","What is the MapReduce programming model's basic structure?","[""A 'map' phase transforms data into key-value pairs, and a 'reduce' phase aggregates values by key"", ""A single sequential processing step only"", ""A database query language"", ""A method for compressing files""]","A 'map' phase transforms data into key-value pairs, and a 'reduce' phase aggregates values by key","MapReduce splits processing into a parallel map step (transform/filter) followed by a shuffle and reduce step (aggregate), enabling distributed computation across a cluster."
"19d746ea-19f3-4e1e-8ea7-c943249ccf0a","Big Data (Hadoop, Spark)","beginner","mcq","What is data replication in HDFS used for?","[""Fault tolerance by storing multiple copies of data blocks across different nodes"", ""Compressing data to save space"", ""Encrypting data at rest"", ""Speeding up a single node's local read speed""]","Fault tolerance by storing multiple copies of data blocks across different nodes","HDFS replicates each data block (typically 3 copies by default) across different nodes so data remains available even if some nodes fail."
"bce5482e-9f70-494f-9904-5d5dcbe0e62c","Big Data (Hadoop, Spark)","beginner","mcq","What is a distributed computing cluster?","[""A group of interconnected computers working together to process data or run tasks as a single system"", ""A single powerful server"", ""A type of database index"", ""A network security device""]","A group of interconnected computers working together to process data or run tasks as a single system","Clusters combine the resources (CPU, memory, storage) of multiple machines to process workloads too large for a single machine."
"b4e4b634-07fc-4b42-919f-698f5b0a7a99","Big Data (Hadoop, Spark)","intermediate","text","What is a Resilient Distributed Dataset (RDD) in Apache Spark?","","An RDD is Spark's fundamental immutable, distributed collection of objects partitioned across a cluster, supporting fault tolerance via lineage (recomputation from source transformations) rather than replication.","RDDs track the sequence of transformations (lineage) that produced them, allowing Spark to recompute lost partitions after a node failure instead of relying on data replication."
"f47b0679-319d-4ba6-9463-85b747565220","Big Data (Hadoop, Spark)","intermediate","mcq","What is the difference between a Spark 'transformation' and an 'action'?","[""Transformations are lazily evaluated and build a computation plan; actions trigger actual execution and return a result"", ""Transformations execute immediately; actions are lazy"", ""There is no difference"", ""Actions can only be used with RDDs, not DataFrames""]","Transformations are lazily evaluated and build a computation plan; actions trigger actual execution and return a result","Spark builds a DAG of transformations (map, filter) lazily and only executes the computation when an action (collect, count, save) is called, enabling optimization before execution."
"7515276e-13df-4817-9fbe-3d8a3a60e445","Big Data (Hadoop, Spark)","intermediate","mcq","What is 'data partitioning' used for in distributed big data processing?","[""Dividing a dataset into chunks that can be processed in parallel across different nodes"", ""Encrypting subsets of data separately"", ""Backing up data to tape storage"", ""Compressing data for network transfer""]","Dividing a dataset into chunks that can be processed in parallel across different nodes","Partitioning enables parallelism by letting different nodes/executors process different slices of data concurrently, which is central to distributed computing performance."
"f28cebfe-0c78-49f6-89fc-65e2421a9582","Big Data (Hadoop, Spark)","intermediate","text","What is the difference between batch processing and stream processing in big data systems?","","Batch processing handles large, bounded datasets collected over a period, processed periodically (e.g., nightly jobs); stream processing handles unbounded, continuously arriving data in near real-time (e.g., Spark Streaming, Kafka Streams).","The choice depends on latency requirements: batch suits periodic large-scale analytics, while streaming suits use cases needing immediate insight from continuously generated data."
"3862d419-7190-4e89-b1bb-676fa6b7c314","Big Data (Hadoop, Spark)","intermediate","mcq","What role does YARN play in the Hadoop ecosystem?","[""Resource management and job scheduling across the cluster"", ""Distributed file storage"", ""A SQL query engine"", ""A machine learning library""]","Resource management and job scheduling across the cluster","YARN (Yet Another Resource Negotiator) manages cluster resources and schedules applications (including MapReduce and Spark jobs) across available nodes."
"f9c15786-7ca0-4c04-9d37-fdd01c35d068","Big Data (Hadoop, Spark)","advanced","text","Explain the concept of 'data skew' in distributed processing and why it degrades performance.","","Data skew occurs when data (or keys during a shuffle/join) is unevenly distributed across partitions, causing some nodes/tasks to process far more data than others; the overall job is bottlenecked by the slowest (most overloaded) task, wasting the parallelism of the other nodes.","Because distributed jobs typically wait for all tasks to complete, a single skewed partition can dominate total runtime even if most partitions finish quickly, negating the benefits of parallel processing."
"a18752b9-923c-451f-a2d8-8f3fb0284005","Big Data (Hadoop, Spark)","advanced","mcq","What is the purpose of the 'shuffle' operation in Spark/MapReduce, and why is it expensive?","[""Redistributing data across partitions/nodes (e.g., for joins or groupBy), requiring costly network I/O and disk writes"", ""Randomizing the order of output for security"", ""Compressing intermediate data only"", ""A no-op operation used for testing""]","Redistributing data across partitions/nodes (e.g., for joins or groupBy), requiring costly network I/O and disk writes","Shuffling moves data between nodes over the network and often writes intermediate data to disk, making it one of the most expensive operations in distributed data processing frameworks."
"e2f2932a-4992-4922-9879-33848a547b64","Big Data (Hadoop, Spark)","advanced","code","This Spark job joining a huge table with a small lookup table is very slow. What optimization would most likely help?","","Use a broadcast join: broadcast the small table to all executors so the join can happen locally without a full shuffle of the large table, since the small table fits in memory on each node.","Broadcasting the small side of a join avoids an expensive shuffle of the large dataset, since every executor gets a local copy of the small table and can join directly."
"51f234e2-d45d-4df9-9ce2-bdd2c569ffe8","Big Data (Hadoop, Spark)","advanced","mcq","What does the CAP theorem imply for distributed big data storage systems during a network partition?","[""The system must choose between consistency and availability, since partition tolerance is generally required"", ""The system can always guarantee full consistency, availability, and partition tolerance simultaneously"", ""CAP only applies to relational databases"", ""Partition tolerance is optional and rarely needed""]","The system must choose between consistency and availability, since partition tolerance is generally required","Given that network partitions are a practical reality in distributed systems, CAP theorem states that during a partition, a system must trade off between strong consistency and full availability."
"b53dc307-8dc1-4670-8c7f-934bc911baae","Big Data (Hadoop, Spark)","advanced","text","What is the Lambda architecture in big data system design, and what problem does it try to solve?","","Lambda architecture combines a batch layer (for accurate, comprehensive historical processing) with a speed/streaming layer (for low-latency real-time views), merging their outputs to serve queries that need both up-to-date and historically accurate results.","It addresses the tension between batch processing's accuracy/completeness and streaming's low latency by running both pipelines and reconciling their results for serving layers."
"74836b65-b9fb-459e-b051-175f4f4d57e8","Big Data (Hadoop, Spark)","advanced","mcq","Why does Spark's Catalyst optimizer improve DataFrame/SQL query performance compared to raw RDD operations?","[""It analyzes and rewrites the logical query plan for efficiency (predicate pushdown, column pruning) before execution"", ""It compiles Spark jobs into native machine code always"", ""It eliminates the need for a cluster manager"", ""It replaces the shuffle operation entirely""]","It analyzes and rewrites the logical query plan for efficiency (predicate pushdown, column pruning) before execution","Catalyst applies rule-based and cost-based optimizations to the structured query plan (e.g., pushing filters closer to the data source, pruning unused columns), something raw untyped RDD transformations don't automatically benefit from."
"6153b729-6c6e-46b1-9b10-18a3901e80c5","Big Data (Hadoop, Spark)","beginner","mcq","What is the role of a 'NameNode' in HDFS architecture?","[""Manages the filesystem namespace and metadata (file-to-block mappings)"", ""Stores the actual data blocks"", ""Executes MapReduce jobs directly"", ""Handles client authentication only""]","Manages the filesystem namespace and metadata (file-to-block mappings)","The NameNode is HDFS's master node, tracking metadata like directory structure and which DataNodes hold each file's blocks, while DataNodes store the actual data."
"92dab419-3e86-4904-bff0-c2a136f30dc6","Big Data (Hadoop, Spark)","intermediate","mcq","What is the benefit of using columnar storage formats (e.g., Parquet, ORC) for big data analytics workloads?","[""Improved compression and faster reads when queries only need a subset of columns"", ""Faster writes of individual rows"", ""Guaranteed schema-less flexibility"", ""Required for all streaming pipelines""]","Improved compression and faster reads when queries only need a subset of columns","Columnar formats store values from the same column contiguously, enabling better compression and letting analytical queries skip irrelevant columns entirely, unlike row-based formats."
"df48c94f-6eb4-4275-8334-d63dd7d772af","Blockchain","beginner","mcq","What is a blockchain?","[""A distributed, append-only ledger of records linked cryptographically in a chain of blocks"", ""A centralized database owned by a single company"", ""A type of cloud storage service"", ""A programming language for smart contracts""]","A distributed, append-only ledger of records linked cryptographically in a chain of blocks","Each block references the previous block's hash, forming a tamper-evident chain distributed across multiple network participants."
"bde1b15d-ce91-4063-b080-b25e51b84a9d","Blockchain","beginner","mcq","What is the primary purpose of a cryptocurrency's blockchain?","[""Recording and verifying transactions without a central authority"", ""Storing large media files efficiently"", ""Compiling smart contract code"", ""Managing user passwords""]","Recording and verifying transactions without a central authority","Blockchains enable decentralized, trustless verification of transactions among mutually distrusting parties, removing the need for a central intermediary."
"2576d960-b59f-4644-81ad-c75e2d1035a9","Blockchain","beginner","mcq","What is a 'smart contract'?","[""Self-executing code deployed on a blockchain that runs automatically when conditions are met"", ""A legal document signed digitally"", ""A type of cryptocurrency wallet"", ""A blockchain mining algorithm""]","Self-executing code deployed on a blockchain that runs automatically when conditions are met","Smart contracts encode business logic directly on-chain, executing automatically and transparently without requiring a trusted intermediary."
"6e44b138-4c42-40d4-8215-3d30841c5352","Blockchain","beginner","text","What does 'decentralization' mean in the context of blockchain technology?","","No single entity controls the network; instead, control and data are distributed across many independent participants (nodes), removing reliance on a central authority.","Decentralization aims to eliminate single points of control/failure, making the system more resistant to censorship and unilateral manipulation."
"c138c9a7-c682-4208-ada0-f919e1ae930a","Blockchain","beginner","mcq","What is a 'wallet' in the context of cryptocurrency?","[""A tool for managing cryptographic keys used to send/receive and prove ownership of assets on a blockchain"", ""A physical device for storing coins"", ""A bank account linked to a blockchain"", ""A blockchain mining pool""]","A tool for managing cryptographic keys used to send/receive and prove ownership of assets on a blockchain","Wallets manage the public/private key pairs used to sign transactions and prove ownership of blockchain assets, rather than literally storing coins."
"ce0088d2-c3a7-494d-a221-fe14b9c7a069","Blockchain","beginner","mcq","What does 'mining' refer to in blockchains like Bitcoin?","[""The process of validating transactions and adding new blocks by solving computational puzzles"", ""Extracting physical resources"", ""Deleting old blockchain data"", ""Encrypting wallet private keys""]","The process of validating transactions and adding new blocks by solving computational puzzles","In Proof-of-Work systems, miners compete to solve a cryptographic puzzle; the winner adds the next block and receives a reward, securing the network."
"7594834c-30f0-451c-a73b-d025171a4216","Blockchain","beginner","mcq","What is the purpose of a cryptographic hash function in blockchain?","[""Producing a fixed-size, unique fingerprint of data to ensure integrity and link blocks together"", ""Encrypting data so it can be later decrypted"", ""Compressing block data for storage"", ""Generating private keys for wallets""]","Producing a fixed-size, unique fingerprint of data to ensure integrity and link blocks together","Hash functions are one-way and collision-resistant, so even a tiny change to block data produces a completely different hash, making tampering evident."
"d5f8dc8b-29f3-43b7-bbd3-16a4fcdc4113","Blockchain","intermediate","text","What is the difference between Proof of Work (PoW) and Proof of Stake (PoS) consensus mechanisms?","","PoW requires miners to solve computationally expensive puzzles to validate blocks, consuming significant energy; PoS selects validators to create blocks based on the amount of cryptocurrency they stake (lock up) as collateral, requiring far less energy.","PoS replaces energy-intensive computation with economic stake as the basis for block validation rights, aiming to achieve similar security guarantees with much lower energy consumption."
"b6304150-289c-4c72-a483-abccad1e2100","Blockchain","intermediate","mcq","What problem does a 51% attack exploit in a Proof-of-Work blockchain?","[""If a single entity controls more than half the network's mining power, they can potentially double-spend or rewrite recent transaction history"", ""It allows unlimited creation of new coins instantly"", ""It only affects Proof-of-Stake chains"", ""It has no real security implications""]","If a single entity controls more than half the network's mining power, they can potentially double-spend or rewrite recent transaction history","Majority hash power lets an attacker outpace the honest chain, enabling them to reverse their own transactions (double-spend) or censor others, undermining the blockchain's trust model."
"542146c1-0b51-447c-b92a-4cb8e4ab7e75","Blockchain","intermediate","mcq","What is a 'fork' in blockchain terminology?","[""A divergence in the blockchain's protocol/history, creating two potential paths (chains)"", ""A physical hardware wallet"", ""A type of smart contract bug"", ""A method of encrypting transactions""]","A divergence in the blockchain's protocol/history, creating two potential paths (chains)","Forks occur from protocol upgrades (hard/soft forks) or temporary consensus disagreements, potentially splitting the network into separate chains."
"10806150-48a1-4a03-ae8a-b0c1c760f3a7","Blockchain","intermediate","text","What is the difference between a public blockchain and a permissioned (private/consortium) blockchain?","","A public blockchain (e.g., Bitcoin, Ethereum) allows anyone to join, read, and validate transactions without permission; a permissioned blockchain restricts participation to approved/known entities, often used in enterprise contexts requiring more control and privacy.","Permissioned chains trade some decentralization and openness for better performance, governance, and compliance suited to enterprise/consortium needs."
"456ca3b2-d479-44a4-b212-ec3f4b094665","Blockchain","intermediate","mcq","What does a Merkle tree provide in a blockchain's block structure?","[""Efficient and secure verification of whether a transaction is included in a block without needing the full dataset"", ""Encryption of the entire blockchain"", ""A consensus mechanism"", ""A wallet key derivation scheme""]","Efficient and secure verification of whether a transaction is included in a block without needing the full dataset","Merkle trees hash pairs of transactions recursively into a single root hash, allowing lightweight clients to verify inclusion of a transaction with a small proof rather than downloading the entire block."
"18c5a730-7b66-46fe-869d-85a04c51190e","Blockchain","advanced","text","Explain the concept of 'gas' in Ethereum smart contract execution and why it exists.","","Gas is a unit measuring the computational effort required to execute operations on Ethereum; users pay gas fees to compensate validators/miners for computation, and it prevents infinite loops or resource abuse by capping how much computation a transaction can consume before running out of gas and reverting.","Since smart contracts can contain arbitrary loops, gas limits act as a economic and computational safeguard against denial-of-service via infinite or excessively expensive execution."
"22843937-22bb-4701-9060-34dac6042dc0","Blockchain","advanced","code","What vulnerability does this simplified Solidity withdrawal pattern have?
function withdraw() public {
    uint amount = balances[msg.sender];
    (bool sent, ) = msg.sender.call{value: amount}("""");
    require(sent);
    balances[msg.sender] = 0;
}","","Reentrancy vulnerability: balances[msg.sender] is set to 0 only AFTER the external call, so a malicious contract's fallback function can re-enter withdraw() before the balance is zeroed, draining funds repeatedly. Fix by updating state before the external call (checks-effects-interactions pattern).","This is the classic reentrancy bug (as exploited in the DAO hack): performing the external call before updating internal state lets an attacker recursively call back into the function while the old balance is still recorded."
"abedec4f-a93b-42c4-b758-4d9889cabba5","Blockchain","advanced","mcq","What is the main trade-off blockchains face according to the 'blockchain trilemma'?","[""Balancing decentralization, security, and scalability, as improving one often comes at the cost of another"", ""Balancing color, speed, and cost of transactions"", ""Balancing programming language choice, IDE, and compiler"", ""There is no such trade-off; all three can be maximized freely""]","Balancing decentralization, security, and scalability, as improving one often comes at the cost of another","The blockchain trilemma describes the difficulty of simultaneously optimizing decentralization, security, and scalability, with most designs favoring two at some expense to the third."
"b6395556-6acf-4207-838f-632312d2497a","Blockchain","advanced","text","What is a Layer 2 scaling solution (e.g., rollups, state channels) and why is it needed?","","Layer 2 solutions process transactions off the main blockchain (Layer 1) and later settle a summary or proof back on-chain, increasing throughput and reducing fees while still inheriting the base layer's security guarantees, addressing Layer 1's scalability limitations.","Base layer blockchains often have limited transaction throughput due to decentralization/security trade-offs; Layer 2 approaches batch or offload computation while relying on the underlying chain for final settlement and dispute resolution."
"3dbbcf73-a1c2-4170-886c-d95a0e2f8a6c","Blockchain","advanced","mcq","What does 'immutability' of a blockchain actually guarantee in practice?","[""Extremely high (but not absolute) resistance to altering historical data once sufficiently confirmed, due to the cost of recomputing subsequent blocks"", ""Data can never be changed under any circumstances, guaranteed mathematically"", ""Only the most recent block is protected from changes"", ""Immutability applies only to smart contract code, not transaction data""]","Extremely high (but not absolute) resistance to altering historical data once sufficiently confirmed, due to the cost of recomputing subsequent blocks","Practical immutability comes from the computational/economic cost of rewriting a block and all subsequent blocks faster than the honest network extends the chain (as in a 51% attack scenario), not an absolute mathematical guarantee."
"fc941427-e225-43f2-af56-30dfd978ef65","Blockchain","advanced","code","Why is relying on block.timestamp for critical randomness or timing logic in a smart contract risky?","","Miners/validators have some ability to manipulate the timestamp within a permitted range, so using it as a source of randomness or for precise timing-sensitive logic can be exploited or is unreliable; use a verifiable random function (VRF) or oracle for secure randomness instead.","Since block producers can adjust the timestamp within protocol-allowed bounds, contracts relying on it for randomness or strict timing are vulnerable to manipulation by those producers."
"7abe0b17-bfc1-45a7-83d6-4418863ec553","Blockchain","beginner","mcq","What is a 'token' in the context of blockchain platforms like Ethereum?","[""A digital asset created and managed by a smart contract on top of the blockchain"", ""The native mining reward currency only"", ""A password used to access a wallet"", ""A type of blockchain node""]","A digital asset created and managed by a smart contract on top of the blockchain","Tokens (e.g., ERC-20, ERC-721) are custom digital assets defined by smart contract logic, distinct from a blockchain's native coin (like ETH)."
"b4b5e6c7-847b-49d6-81ce-67779e0555b3","Blockchain","intermediate","mcq","What is the purpose of a blockchain 'oracle'?","[""Feeding external, real-world data into a blockchain for smart contracts to use"", ""Mining new blocks faster"", ""Storing private keys securely"", ""Encrypting on-chain transaction data""]","Feeding external, real-world data into a blockchain for smart contracts to use","Since blockchains cannot natively access off-chain data, oracles bridge external information (e.g., price feeds, weather data) into smart contracts, though this introduces a trust dependency on the oracle's accuracy."
